Age,Attrition,BusinessTravel,DailyRate,Department,DistanceFromHome,Education,EducationField,EmployeeCount,EmployeeNumber,EnvironmentSatisfaction,Gender,HourlyRate,JobInvolvement,JobLevel,JobRole,JobSatisfaction,MaritalStatus,MonthlyIncome,MonthlyRate,NumCompaniesWorked,Over18,OverTime,PercentSalaryHike,PerformanceRating,RelationshipSatisfaction,StandardHours,StockOptionLevel,TotalWorkingYears,TrainingTimesLastYear,WorkLifeBalance,YearsAtCompany,YearsInCurrentRole,YearsSinceLastPromotion,YearsWithCurrManager
42,Yes,Travel_Rarely,1369,Research & Development,7,3,Technical Degree,1,1,4,Male,93,4,2,Research Director,4,Married,8770,20006,0,Y,Yes,11,4,3,80,0,20,0,1,3,1,0,2
42,No,Travel_Rarely,1377,Research & Development,11,2,Life Sciences,1,2,4,Female,91,3,1,Research Director,3,Married,4435,24917,2,Y,No,12,3,1,80,2,19,0,2,14,9,3,4
24,Yes,Travel_Rarely,308,Research & Development,20,1,Other,1,3,2,Male,44,3,2,Research Director,1,Single,4987,24455,4,Y,No,11,3,3,80,3,2,4,3,0,0,0,0
46,No,Travel_Rarely,1350,Sales,1,3,Other,1,4,3,Male,80,2,3,Manager,4,Married,10172,15639,3,Y,No,17,3,3,80,0,25,3,2,0,0,0,0
53,Yes,Travel_Rarely,865,Research & Development,6,4,Other,1,5,1,Male,88,3,4,Manager,3,Married,13037,16337,3,Y,No,14,3,3,80,2,32,3,3,6,2,3,2
38,Yes,Travel_Frequently,1288,Research & Development,2,3,Other,1,6,2,Male,90,4,2,Manufacturing Director,3,Single,6466,16086,5,Y,No,17,4,3,80,0,18,6,2,2,1,1,1
32,No,Travel_Frequently,598,Sales,5,4,Marketing,1,7,3,Male,75,3,4,Sales Representative,4,Single,9898,14562,2,Y,No,11,4,3,80,2,10,0,3,2,0,0,1
41,No,Travel_Rarely,955,Human Resources,10,3,Other,1,8,4,Male,80,3,2,Manager,3,Single,8057,22247,3,Y,Yes,21,4,4,80,1,21,6,2,1,0,0,0
32,No,Travel_Rarely,1362,Sales,27,2,Life Sciences,1,9,3,Male,30,2,1,Sales Representative,2,Single,5460,5437,1,Y,No,21,4,1,80,0,12,3,3,8,3,4,4
30,No,Non-Travel,791,Research & Development,4,3,Medical,1,10,3,Male,64,2,2,Research Director,1,Divorced,6809,4521,2,Y,No,17,3,3,80,0,9,5,3,2,1,0,0
47,No,Travel_Rarely,138,Research & Development,2,4,Life Sciences,1,11,2,Female,41,1,2,Manufacturing Director,1,Married,8432,5534,2,Y,No,17,3,4,80,3,27,4,3,0,0,0,0
42,No,Travel_Frequently,1199,Research & Development,8,2,Life Sciences,1,12,3,Male,87,2,3,Manufacturing Director,3,Single,10071,4633,3,Y,No,14,3,2,80,1,22,1,3,1,0,0,0
32,No,Travel_Rarely,1316,Research & Development,12,5,Life Sciences,1,13,4,Female,54,3,2,Manager,4,Married,5458,2917,3,Y,No,12,3,1,80,0,12,1,3,0,0,0,0
36,Yes,Travel_Frequently,1030,Research & Development,2,3,Other,1,14,3,Female,58,3,4,Laboratory Technician,3,Married,13488,3675,4,Y,No,16,3,1,80,1,16,2,3,16,5,5,15
44,No,Travel_Rarely,1270,Research & Development,14,4,Other,1,15,1,Female,30,3,1,Manufacturing Director,4,Divorced,5605,14432,3,Y,No,15,4,4,80,3,23,0,3,10,3,0,5
39,No,Travel_Rarely,267,Sales,11,2,Marketing,1,16,4,Male,59,2,2,Sales Executive,3,Divorced,8191,6948,3,Y,No,15,3,1,80,0,17,0,3,0,0,0,0
47,Yes,Travel_Rarely,1203,Research & Development,8,3,Other,1,17,1,Male,74,2,2,Research Director,1,Single,7900,18376,1,Y,Yes,13,3,1,80,0,27,3,2,19,12,3,14
29,No,Travel_Rarely,1140,Research & Development,10,3,Medical,1,18,4,Male,93,3,1,Research Scientist,3,Divorced,4283,10246,0,Y,No,12,3,3,80,1,8,1,2,0,0,0,0
22,Yes,Travel_Rarely,1165,Sales,6,3,Marketing,1,19,1,Female,65,3,3,Manager,3,Single,8166,11205,3,Y,No,12,3,3,80,0,2,1,2,2,0,0,1
32,No,Travel_Rarely,430,Research & Development,11,2,Technical Degree,1,20,2,Female,46,3,4,Healthcare Representative,4,Single,10512,21302,1,Y,No,16,3,3,80,1,10,4,3,8,6,2,5
31,No,Travel_Rarely,299,Research & Development,5,3,Medical,1,21,1,Male,35,3,4,Manufacturing Director,2,Divorced,12344,19680,4,Y,No,15,4,3,80,0,11,2,2,6,4,3,2
52,Yes,Travel_Rarely,1335,Sales,5,2,Medical,1,22,3,Female,89,3,5,Manager,1,Divorced,15033,22009,4,Y,No,21,3,3,80,0,32,6,3,6,5,0,2
31,No,Travel_Rarely,1040,Research & Development,5,3,Other,1,23,4,Male,88,3,1,Research Director,4,Married,5381,7065,2,Y,Yes,11,4,4,80,1,9,2,2,6,5,3,3
22,No,Travel_Rarely,1300,Sales,7,4,Medical,1,24,3,Male,95,4,2,Sales Executive,1,Single,4864,8739,0,Y,No,16,3,3,80,0,2,3,2,2,1,0,0
33,No,Travel_Frequently,183,Research & Development,7,3,Technical Degree,1,25,3,Male,31,2,4,Manager,3,Divorced,10745,12206,5,Y,No,12,3,3,80,1,12,6,2,3,2,1,2
34,No,Travel_Rarely,142,Research & Development,10,4,Technical Degree,1,26,3,Female,67,3,3,Laboratory Technician,4,Married,8740,9278,2,Y,No,15,3,3,80,2,14,2,2,2,1,0,1
28,Yes,Non-Travel,1059,Research & Development,2,1,Technical Degree,1,27,1,Male,55,1,3,Healthcare Representative,1,Married,7701,9711,2,Y,No,16,3,3,80,1,8,3,3,0,0,0,0
38,No,Travel_Rarely,238,Sales,25,2,Marketing,1,28,4,Male,77,3,4,Sales Executive,4,Single,11162,10101,9,Y,No,12,4,1,80,1,16,1,3,0,0,0,0
37,No,Non-Travel,849,Research & Development,8,1,Technical Degree,1,29,3,Male,86,3,3,Laboratory Technician,3,Single,9176,2365,4,Y,No,13,3,3,80,2,15,2,3,2,1,0,1
26,No,Travel_Rarely,926,Human Resources,25,1,Life Sciences,1,30,1,Female,70,3,3,Manager,4,Single,8850,12839,5,Y,Yes,20,3,1,80,0,5,3,2,0,0,0,0
33,No,Travel_Frequently,419,Research & Development,1,4,Medical,1,31,3,Female,87,2,3,Research Director,4,Single,7643,3685,1,Y,No,15,3,3,80,3,10,4,3,3,2,1,0
31,Yes,Travel_Frequently,957,Research & Development,1,3,Life Sciences,1,32,4,Female,64,1,4,Research Director,1,Single,11717,3101,2,Y,No,20,3,4,80,0,9,3,3,9,7,4,7
36,No,Travel_Rarely,140,Research & Development,29,1,Life Sciences,1,33,3,Male,44,1,3,Laboratory Technician,4,Divorced,9221,11172,4,Y,No,18,3,4,80,0,13,1,1,0,0,0,0
32,No,Travel_Rarely,479,Sales,10,2,Medical,1,34,4,Male,32,2,3,Sales Representative,2,Divorced,8570,17345,3,Y,No,20,3,4,80,0,12,1,3,12,3,5,11
40,Yes,Travel_Rarely,690,Research & Development,29,3,Technical Degree,1,35,1,Female,55,3,2,Manager,4,Single,6718,19395,7,Y,No,14,3,2,80,0,20,1,3,0,0,0,0
33,Yes,Travel_Frequently,410,Human Resources,18,2,Life Sciences,1,36,4,Male,84,3,3,Manager,4,Divorced,10330,18784,5,Y,No,16,3,1,80,0,10,1,3,0,0,0,0
41,No,Travel_Rarely,201,Sales,3,2,Life Sciences,1,37,4,Female,71,3,2,Manager,4,Married,5512,11225,1,Y,No,17,3,2,80,2,19,6,3,5,1,0,2
22,Yes,Travel_Rarely,1073,Research & Development,11,2,Life Sciences,1,38,4,Female,30,3,1,Research Director,3,Married,4613,12646,2,Y,Yes,11,3,2,80,0,2,1,2,1,0,0,0
44,No,Travel_Rarely,1133,Sales,7,3,Medical,1,39,2,Male,30,1,5,Sales Executive,3,Divorced,15460,11300,4,Y,Yes,11,3,1,80,1,24,3,2,0,0,0,0
39,No,Travel_Rarely,498,Research & Development,14,3,Technical Degree,1,40,4,Female,52,3,2,Research Director,1,Divorced,7295,19866,3,Y,No,15,3,4,80,0,17,5,4,17,9,0,8
25,No,Travel_Frequently,500,Sales,15,1,Medical,1,41,4,Male,54,3,3,Sales Representative,3,Divorced,6770,11000,3,Y,Yes,20,3,4,80,1,5,3,3,3,1,0,2
39,No,Travel_Rarely,827,Sales,9,4,Life Sciences,1,42,2,Female,38,2,2,Sales Executive,4,Married,5319,21575,3,Y,No,16,3,1,80,1,16,4,3,1,0,0,0
25,Yes,Travel_Rarely,1405,Research & Development,2,1,Life Sciences,1,43,4,Male,89,3,4,Laboratory Technician,2,Married,9736,20827,1,Y,Yes,13,3,1,80,1,4,3,3,4,3,0,2
30,No,Travel_Frequently,554,Research & Development,7,3,Other,1,44,3,Male,60,3,2,Laboratory Technician,4,Married,7275,5468,3,Y,No,11,3,2,80,0,7,0,2,5,3,1,2
51,No,Travel_Rarely,412,Research & Development,7,4,Medical,1,45,1,Female,35,3,5,Manager,3,Single,14443,19920,2,Y,Yes,11,3,4,80,0,28,1,2,18,5,7,15
23,No,Travel_Rarely,638,Research & Development,29,1,Life Sciences,1,46,3,Male,97,3,3,Healthcare Representative,1,Single,8491,9434,3,Y,No,17,3,2,80,1,2,4,2,2,1,1,1
43,No,Travel_Frequently,921,Human Resources,29,2,Human Resources,1,47,1,Female,65,1,1,Manager,3,Married,4876,14505,1,Y,No,16,3,3,80,0,21,1,4,4,3,0,1
31,No,Travel_Frequently,725,Research & Development,1,2,Other,1,48,2,Male,81,2,3,Research Director,1,Married,8583,21971,0,Y,No,14,3,3,80,1,9,5,3,2,1,0,1
39,No,Non-Travel,467,Research & Development,5,3,Life Sciences,1,49,4,Female,40,3,3,Research Scientist,3,Married,8852,6625,2,Y,No,15,3,1,80,0,19,1,3,9,2,4,5
32,No,Travel_Rarely,1351,Research & Development,2,3,Technical Degree,1,50,4,Female,40,1,2,Healthcare Representative,2,Married,7443,18999,1,Y,No,15,3,2,80,1,11,3,3,8,2,2,2
44,No,Travel_Rarely,522,Research & Development,2,3,Life Sciences,1,51,4,Male,90,3,2,Research Scientist,2,Divorced,5573,3470,6,Y,No,14,3,4,80,1,21,3,3,1,0,0,0
36,No,Travel_Rarely,1336,Sales,9,3,Medical,1,52,2,Female,87,3,5,Manager,3,Divorced,12780,4273,5,Y,No,12,3,3,80,1,15,0,3,4,3,1,3
32,Yes,Travel_Rarely,284,Research & Development,6,2,Other,1,53,3,Male,84,1,2,Laboratory Technician,3,Married,6178,12814,4,Y,Yes,14,3,3,80,1,10,2,3,0,0,0,0
32,No,Travel_Frequently,1420,Sales,21,1,Other,1,54,4,Female,64,3,5,Manager,1,Married,13283,4933,1,Y,No,11,3,3,80,1,9,3,3,0,0,0,0
28,No,Travel_Rarely,593,Research & Development,1,3,Medical,1,55,2,Male,43,3,4,Manager,4,Divorced,10721,7526,1,Y,No,14,3,2,80,0,5,3,3,0,0,0,0
37,No,Travel_Rarely,199,Human Resources,10,3,Other,1,56,3,Female,45,2,3,Human Resources,4,Divorced,8765,14816,1,Y,Yes,13,3,4,80,1,15,1,3,15,10,3,5
37,Yes,Travel_Rarely,408,Research & Development,29,4,Other,1,57,4,Female,40,2,3,Manager,4,Married,9310,4645,1,Y,Yes,15,3,3,80,1,17,1,3,0,0,0,0
44,No,Travel_Rarely,771,Sales,1,5,Other,1,58,4,Female,42,4,2,Sales Executive,4,Married,8644,25807,3,Y,No,17,3,1,80,2,24,2,2,2,1,0,0
40,No,Travel_Rarely,1054,Research & Development,5,4,Technical Degree,1,59,4,Male,52,3,1,Manufacturing Director,4,Married,4234,13533,3,Y,Yes,17,3,2,80,0,17,2,3,6,5,0,4
41,No,Travel_Rarely,713,Research & Development,2,3,Technical Degree,1,60,2,Male,91,3,3,Healthcare Representative,4,Married,9944,16064,1,Y,Yes,14,3,3,80,2,21,6,3,5,2,2,1
33,No,Travel_Rarely,169,Sales,16,1,Marketing,1,61,4,Male,37,3,2,Sales Executive,4,Married,6709,16943,2,Y,Yes,14,3,2,80,0,13,1,3,1,0,0,0
34,No,Travel_Frequently,921,Research & Development,1,2,Other,1,62,2,Male,51,3,2,Research Scientist,2,Single,7178,16661,1,Y,No,19,3,3,80,1,14,1,3,9,4,2,4
49,No,Travel_Rarely,1315,Research & Development,3,1,Life Sciences,1,63,3,Male,37,1,1,Research Scientist,4,Single,6738,6744,1,Y,No,11,3,2,80,1,26,1,3,2,1,0,1
36,Yes,Travel_Frequently,1106,Sales,1,1,Marketing,1,64,4,Male,76,3,2,Manager,3,Married,6152,2820,2,Y,No,15,4,4,80,2,15,4,3,1,0,0,0
46,No,Travel_Rarely,1338,Research & Development,1,1,Medical,1,65,3,Male,91,3,2,Laboratory Technician,4,Married,8293,14430,5,Y,No,11,3,3,80,0,24,1,3,2,1,0,0
37,No,Travel_Rarely,1108,Research & Development,3,1,Medical,1,66,4,Male,40,3,5,Research Scientist,1,Married,15701,13214,2,Y,No,11,4,1,80,1,17,1,1,9,6,1,5
54,No,Travel_Frequently,775,Research & Development,5,3,Other,1,67,3,Female,82,2,2,Laboratory Technician,4,Divorced,7974,7592,2,Y,Yes,15,3,1,80,0,31,4,3,18,12,1,6
29,No,Travel_Rarely,1265,Research & Development,16,3,Other,1,68,3,Female,50,3,2,Laboratory Technician,3,Divorced,7275,14115,3,Y,Yes,11,3,4,80,1,9,1,3,2,0,1,1
42,Yes,Non-Travel,1239,Sales,3,3,Other,1,69,3,Female,51,3,3,Sales Executive,3,Single,9177,5514,5,Y,No,11,3,4,80,0,19,3,3,0,0,0,0
29,No,Non-Travel,1415,Research & Development,11,4,Medical,1,70,4,Male,74,3,4,Laboratory Technician,1,Single,11487,20608,5,Y,No,16,3,1,80,0,7,1,3,1,0,0,0
32,No,Travel_Rarely,877,Sales,2,2,Medical,1,71,3,Male,41,2,2,Sales Executive,4,Married,7155,8140,5,Y,No,11,3,3,80,1,11,5,3,2,1,0,0
44,No,Travel_Rarely,276,Sales,21,3,Medical,1,72,3,Female,52,4,1,Sales Representative,3,Divorced,5914,22274,2,Y,No,20,3,1,80,0,21,6,3,2,0,0,1
27,Yes,Travel_Frequently,1190,Research & Development,1,3,Other,1,73,3,Male,50,3,1,Research Scientist,4,Married,4802,13609,3,Y,No,17,3,4,80,0,5,6,2,5,4,0,3
35,Yes,Travel_Rarely,134,Research & Development,26,2,Medical,1,74,3,Male,84,1,3,Research Scientist,3,Single,8854,6119,4,Y,No,11,3,3,80,1,14,3,3,0,0,0,0
53,No,Travel_Rarely,592,Research & Development,25,3,Other,1,75,3,Female,94,3,5,Healthcare Representative,2,Married,15607,3166,5,Y,Yes,16,3,1,80,1,30,2,3,3,1,0,1
28,No,Travel_Frequently,373,Research & Development,2,2,Other,1,76,2,Female,97,3,2,Manager,3,Divorced,5249,21221,4,Y,No,14,3,1,80,0,7,2,3,0,0,0,0
44,No,Travel_Rarely,1298,Human Resources,5,1,Other,1,77,3,Male,39,3,2,Human Resources,4,Married,7597,4881,4,Y,No,11,3,1,80,0,23,3,4,19,8,9,17
42,Yes,Travel_Rarely,689,Research & Development,15,3,Medical,1,78,4,Female,55,3,2,Manufacturing Director,3,Married,7503,12736,3,Y,Yes,12,3,3,80,1,22,4,3,3,2,0,0
49,No,Travel_Rarely,443,Research & Development,14,2,Other,1,79,4,Male,76,3,4,Laboratory Technician,1,Single,11858,12273,4,Y,Yes,17,4,4,80,0,26,3,3,1,0,0,0
18,Yes,Travel_Rarely,1319,Sales,1,3,Other,1,80,1,Male,44,3,4,Manager,3,Divorced,8760,9357,2,Y,No,13,3,4,80,1,0,5,3,1,0,0,0
33,Yes,Travel_Rarely,384,Research & Development,3,3,Technical Degree,1,81,4,Female,35,4,1,Laboratory Technician,4,Single,5418,3093,3,Y,No,11,3,3,80,1,13,0,3,1,0,0,0
33,No,Travel_Rarely,1194,Research & Development,2,4,Technical Degree,1,82,4,Female,88,4,2,Manufacturing Director,2,Married,6685,21582,1,Y,Yes,19,3,3,80,0,12,0,3,8,6,3,4
33,No,Travel_Rarely,320,Research & Development,1,3,Medical,1,83,4,Female,58,3,5,Manufacturing Director,4,Single,13133,3612,3,Y,No,16,3,4,80,1,12,3,1,7,5,2,6
59,No,Travel_Frequently,1198,Sales,7,2,Other,1,84,1,Male,75,2,4,Sales Representative,2,Divorced,14190,14999,2,Y,No,21,3,3,80,1,38,3,2,6,3,2,3
52,No,Travel_Rarely,1429,Sales,1,1,Marketing,1,85,3,Female,39,2,3,Sales Representative,3,Married,10667,3455,3,Y,Yes,11,3,4,80,0,32,1,3,2,0,0,1
29,Yes,Travel_Rarely,976,Research & Development,1,3,Technical Degree,1,86,2,Male,83,3,2,Manufacturing Director,4,Married,5965,10097,6,Y,Yes,20,3,4,80,1,8,2,3,3,1,1,1
36,No,Travel_Rarely,731,Sales,5,2,Life Sciences,1,87,1,Male,34,2,2,Manager,3,Married,6901,2180,3,Y,No,17,3,2,80,2,16,5,2,0,0,0,0
37,No,Travel_Rarely,464,Research & Development,4,4,Medical,1,88,4,Male,38,3,3,Manufacturing Director,3,Married,10765,17628,3,Y,No,13,3,2,80,0,17,2,2,2,1,0,1
50,No,Travel_Rarely,1218,Research & Development,3,3,Medical,1,89,2,Male,70,3,2,Manufacturing Director,1,Married,7834,12832,3,Y,No,24,3,2,80,1,30,0,2,10,7,3,3
26,No,Travel_Rarely,1360,Sales,13,1,Life Sciences,1,90,1,Female,31,1,4,Manager,4,Married,10111,11371,4,Y,No,18,3,2,80,0,4,2,3,0,0,0,0
39,No,Travel_Rarely,1165,Research & Development,8,3,Medical,1,91,1,Female,88,3,1,Healthcare Representative,4,Married,6201,12719,2,Y,No,15,3,2,80,1,16,3,2,2,1,0,1
47,No,Travel_Rarely,929,Research & Development,4,4,Technical Degree,1,92,4,Male,75,3,2,Healthcare Representative,3,Divorced,9336,2783,3,Y,No,11,3,4,80,0,26,6,2,0,0,0,0
52,No,Travel_Rarely,563,Research & Development,2,1,Technical Degree,1,93,4,Female,53,3,3,Manager,2,Single,10503,10399,0,Y,No,14,3,4,80,1,29,1,3,1,0,0,0
35,No,Travel_Rarely,1468,Sales,6,2,Medical,1,94,3,Male,70,3,2,Manager,2,Divorced,8361,2664,6,Y,No,13,3,2,80,1,13,0,4,4,3,1,2
40,No,Travel_Rarely,1077,Research & Development,9,3,Medical,1,95,1,Male,74,3,2,Laboratory Technician,3,Married,6210,3356,7,Y,Yes,13,4,3,80,0,17,2,2,0,0,0,0
38,No,Travel_Rarely,1421,Research & Development,3,5,Technical Degree,1,96,4,Female,85,3,2,Research Scientist,4,Married,7055,4036,1,Y,Yes,13,3,1,80,0,18,2,3,4,3,1,3
24,No,Travel_Rarely,1496,Research & Development,6,3,Medical,1,97,2,Male,69,3,3,Research Director,3,Married,6720,10174,2,Y,Yes,11,3,1,80,2,1,2,3,0,0,0,0
33,No,Travel_Rarely,1362,Research & Development,1,2,Life Sciences,1,98,2,Male,51,3,3,Research Director,3,Single,8587,8949,3,Y,No,18,3,1,80,0,13,3,3,3,2,0,1
34,No,Travel_Rarely,1127,Research & Development,4,2,Medical,1,99,4,Male,46,3,5,Manager,4,Married,13945,21835,1,Y,Yes,11,4,1,80,0,12,2,3,1,0,0,0
30,No,Travel_Rarely,517,Research & Development,12,3,Medical,1,100,2,Male,69,3,3,Research Director,3,Married,10080,11877,2,Y,Yes,14,3,4,80,1,10,4,3,0,0,0,0
37,Yes,Travel_Frequently,561,Sales,5,3,Marketing,1,101,2,Male,33,3,3,Sales Executive,3,Divorced,10496,22483,3,Y,No,12,3,3,80,0,17,3,2,2,1,0,1
44,No,Travel_Rarely,985,Sales,4,3,Other,1,102,1,Female,67,2,4,Manager,4,Single,12668,7978,5,Y,No,15,3,3,80,0,21,1,1,3,2,1,2
47,No,Travel_Rarely,992,Sales,14,2,Life Sciences,1,103,4,Male,92,2,3,Manager,3,Single,11599,25514,2,Y,No,15,3,1,80,1,24,1,3,6,4,3,5
30,No,Travel_Rarely,370,Human Resources,1,4,Other,1,104,4,Male,60,3,4,Human Resources,4,Married,9661,11554,0,Y,No,15,3,4,80,2,7,3,2,0,0,0,0
35,No,Travel_Rarely,288,Sales,1,2,Life Sciences,1,105,1,Male,45,3,4,Sales Executive,3,Married,10487,15793,3,Y,Yes,13,3,3,80,0,13,3,3,5,4,1,4
29,No,Travel_Rarely,1327,Sales,12,2,Life Sciences,1,106,2,Male,35,2,2,Sales Executive,2,Married,6094,4765,4,Y,No,12,3,1,80,1,6,2,2,6,2,1,5
46,No,Travel_Rarely,1439,Research & Development,8,1,Technical Degree,1,107,2,Female,70,1,2,Laboratory Technician,4,Divorced,8736,3142,3,Y,No,11,3,3,80,0,24,2,4,2,1,0,1
48,No,Travel_Rarely,242,Research & Development,9,1,Medical,1,108,4,Male,72,2,2,Laboratory Technician,4,Single,7977,2110,2,Y,No,14,3,2,80,1,28,1,3,14,7,2,6
24,Yes,Travel_Rarely,1033,Research & Development,1,4,Life Sciences,1,109,1,Male,48,3,2,Healthcare Representative,3,Divorced,6551,15955,1,Y,No,14,3,4,80,1,2,3,3,0,0,0,0
33,Yes,Travel_Rarely,1009,Research & Development,8,3,Other,1,110,1,Male,94,3,4,Research Scientist,1,Married,11030,6748,5,Y,No,13,3,3,80,0,12,2,3,3,1,0,2
45,No,Travel_Rarely,679,Research & Development,8,3,Medical,1,111,3,Female,94,2,3,Laboratory Technician,1,Divorced,10366,15840,2,Y,Yes,11,3,3,80,0,24,2,4,7,2,0,3
52,No,Travel_Rarely,1462,Sales,10,3,Life Sciences,1,112,4,Male,43,3,3,Manager,4,Single,11504,20842,6,Y,Yes,15,3,4,80,2,29,2,2,4,1,0,2
36,Yes,Travel_Frequently,712,Sales,5,4,Marketing,1,113,3,Male,49,4,4,Sales Executive,1,Married,8480,20059,1,Y,Yes,14,3,3,80,0,15,3,3,0,0,0,0
31,No,Travel_Rarely,1145,Research & Development,1,3,Technical Degree,1,114,4,Male,85,3,3,Research Director,4,Married,10078,22784,0,Y,No,17,4,3,80,0,8,4,3,1,0,0,0
40,No,Travel_Rarely,1340,Human Resources,9,3,Other,1,115,2,Female,74,3,3,Human Resources,4,Married,9168,11076,3,Y,No,17,3,1,80,0,17,1,3,1,0,0,0
46,Yes,Travel_Rarely,1031,Research & Development,8,3,Medical,1,116,3,Male,33,3,3,Research Scientist,4,Single,9012,19121,0,Y,Yes,11,3,3,80,1,25,5,3,0,0,0,0
45,No,Travel_Rarely,120,Sales,3,4,Medical,1,117,4,Male,47,3,4,Sales Executive,3,Married,12299,12940,2,Y,No,17,4,3,80,0,23,4,3,5,3,0,2
27,No,Travel_Rarely,325,Sales,3,3,Marketing,1,118,3,Male,80,3,2,Sales Representative,3,Divorced,5532,11940,2,Y,No,13,3,4,80,1,6,6,1,0,0,0,0
41,No,Travel_Frequently,214,Sales,3,1,Other,1,119,1,Male,73,3,3,Sales Representative,2,Single,10107,4407,2,Y,Yes,20,3,3,80,2,20,1,3,0,0,0,0
54,Yes,Travel_Rarely,1394,Research & Development,4,3,Life Sciences,1,120,3,Female,98,3,5,Research Scientist,1,Single,15960,17990,0,Y,Yes,11,4,3,80,0,32,1,3,22,17,12,8
28,No,Travel_Rarely,520,Research & Development,1,2,Medical,1,121,2,Male,89,3,3,Laboratory Technician,4,Divorced,8530,10970,4,Y,No,12,3,4,80,0,6,3,3,2,1,1,0
40,No,Travel_Rarely,129,Sales,2,1,Life Sciences,1,122,2,Male,70,1,5,Manager,2,Divorced,12609,20463,1,Y,No,12,3,4,80,1,17,4,2,6,4,2,5
45,No,Travel_Rarely,146,Sales,2,3,Medical,1,123,2,Female,35,2,1,Sales Representative,4,Married,4742,4162,1,Y,Yes,11,3,3,80,0,24,4,2,0,0,0,0
29,No,Travel_Frequently,174,Research & Development,2,2,Technical Degree,1,124,3,Male,81,4,5,Manufacturing Director,3,Married,12913,2292,1,Y,No,18,3,4,80,0,9,2,4,8,2,3,6
23,Yes,Travel_Frequently,212,Research & Development,8,1,Technical Degree,1,125,2,Male,80,2,2,Research Director,3,Married,4435,22133,3,Y,No,16,3,3,80,2,1,3,3,1,0,0,0
39,Yes,Travel_Frequently,565,Research & Development,24,3,Medical,1,126,2,Male,73,3,5,Manufacturing Director,1,Single,15818,5252,5,Y,No,15,3,1,80,1,18,3,3,5,4,2,2
42,No,Travel_Rarely,647,Research & Development,2,2,Life Sciences,1,127,1,Female,91,2,4,Research Director,4,Divorced,10944,6268,1,Y,No,18,4,3,80,0,19,3,3,13,12,3,8
40,No,Travel_Rarely,713,Research & Development,1,1,Medical,1,128,4,Male,93,3,4,Laboratory Technician,3,Divorced,11790,26371,1,Y,No,18,3,3,80,0,19,5,3,0,0,0,0
38,No,Travel_Rarely,153,Sales,2,4,Medical,1,129,4,Male,58,2,3,Sales Representative,4,Divorced,8890,21442,1,Y,Yes,13,3,4,80,1,15,6,2,1,0,0,0
37,Yes,Non-Travel,998,Research & Development,13,2,Medical,1,130,2,Female,50,3,3,Healthcare Representative,1,Single,7854,16354,6,Y,No,15,3,4,80,0,14,5,3,0,0,0,0
34,No,Travel_Frequently,722,Research & Development,2,1,Other,1,131,3,Female,84,3,3,Manager,3,Married,8663,7432,4,Y,No,11,3,1,80,0,12,1,2,10,4,1,5
20,Yes,Travel_Rarely,215,Sales,13,3,Life Sciences,1,132,4,Male,42,3,1,Manager,3,Married,4691,17724,7,Y,No,19,3,4,80,1,0,6,3,1,0,0,0
41,Yes,Travel_Rarely,208,Research & Development,1,3,Life Sciences,1,133,3,Female,38,2,2,Laboratory Technician,1,Married,8126,13562,5,Y,No,14,3,4,80,0,21,2,2,0,0,0,0
42,No,Travel_Rarely,1196,Research & Development,12,3,Technical Degree,1,134,4,Male,72,3,4,Research Director,2,Married,10080,21191,3,Y,No,16,3,4,80,0,19,2,3,4,3,0,3
23,No,Travel_Rarely,1196,Sales,3,2,Marketing,1,135,3,Female,77,1,5,Sales Representative,3,Married,12117,17472,1,Y,No,15,3,2,80,1,0,6,1,1,0,0,0
43,No,Travel_Rarely,1039,Research & Development,2,1,Life Sciences,1,136,4,Female,42,3,3,Manufacturing Director,4,Married,9211,7298,2,Y,No,12,3,4,80,2,20,1,3,8,6,3,3
37,Yes,Travel_Rarely,1176,Human Resources,3,1,Other,1,137,4,Female,67,2,2,Human Resources,1,Single,7061,11205,4,Y,Yes,18,4,4,80,2,15,2,3,3,0,0,1
28,No,Travel_Rarely,983,Research & Development,1,3,Other,1,138,4,Male,47,3,2,Research Director,3,Single,5700,10027,0,Y,Yes,17,3,1,80,1,6,2,2,3,1,0,1
38,No,Travel_Frequently,1313,Sales,7,3,Life Sciences,1,139,4,Male,61,3,3,Sales Executive,2,Single,10284,13116,2,Y,No,19,3,4,80,0,17,3,1,4,2,1,3
22,Yes,Non-Travel,385,Research & Development,4,3,Other,1,140,2,Male,85,4,2,Laboratory Technician,2,Married,6508,18576,3,Y,Yes,11,3,4,80,0,1,6,3,1,0,0,0
38,Yes,Travel_Rarely,1380,Research & Development,24,3,Technical Degree,1,141,2,Female,74,2,3,Research Director,2,Single,9795,5501,1,Y,Yes,20,3,2,80,2,18,2,3,1,0,0,0
48,No,Travel_Frequently,809,Sales,2,2,Marketing,1,142,1,Female,73,3,2,Sales Representative,4,Married,8422,9959,4,Y,Yes,11,3,4,80,1,25,4,3,15,13,5,11
20,Yes,Travel_Rarely,1183,Research & Development,4,1,Other,1,143,1,Female,86,3,3,Healthcare Representative,1,Single,7901,22123,1,Y,Yes,15,4,1,80,0,0,2,3,0,0,0,0
53,No,Travel_Rarely,1309,Research & Development,1,2,Technical Degree,1,144,3,Male,84,1,1,Manager,4,Single,6158,24580,3,Y,No,11,3,4,80,1,30,6,4,4,1,1,2
41,No,Travel_Rarely,1201,Sales,15,2,Medical,1,145,3,Female,49,2,5,Sales Executive,3,Married,15107,5486,3,Y,No,11,3,4,80,1,20,6,3,2,1,0,1
26,Yes,Travel_Rarely,189,Research & Development,16,1,Technical Degree,1,146,2,Female,30,3,2,Laboratory Technician,4,Single,6911,24294,3,Y,No,15,3,2,80,1,4,4,2,3,1,1,2
50,No,Travel_Rarely,818,Research & Development,14,3,Medical,1,147,4,Male,50,3,4,Healthcare Representative,3,Single,12769,12869,2,Y,Yes,19,3,1,80,1,30,2,2,6,4,0,4
23,No,Travel_Rarely,141,Research & Development,4,2,Technical Degree,1,148,2,Female,74,3,2,Manufacturing Director,3,Divorced,5691,7760,3,Y,No,15,3,1,80,3,0,4,2,1,0,0,0
38,No,Travel_Rarely,580,Research & Development,1,4,Medical,1,149,3,Female,93,2,3,Manufacturing Director,1,Single,10099,12983,2,Y,No,20,3,3,80,0,16,3,3,2,1,1,0
36,No,Travel_Rarely,165,Research & Development,2,2,Medical,1,150,3,Male,58,2,2,Healthcare Representative,4,Divorced,7215,4513,1,Y,No,12,3,1,80,1,15,5,2,0,0,0,0
32,No,Travel_Rarely,1355,Human Resources,14,3,Other,1,151,4,Male,55,1,2,Human Resources,4,Married,5156,11893,2,Y,No,12,3,2,80,3,9,4,3,8,6,3,3
37,No,Travel_Rarely,474,Research & Development,5,2,Other,1,152,2,Male,58,1,5,Research Scientist,2,Single,13068,20318,5,Y,No,11,3,4,80,2,17,3,3,10,8,3,7
39,No,Travel_Rarely,612,Research & Development,14,2,Life Sciences,1,153,3,Male,64,3,3,Research Director,4,Divorced,10108,20037,0,Y,Yes,11,3,3,80,1,19,4,3,9,8,3,3
39,No,Travel_Rarely,696,Research & Development,2,1,Life Sciences,1,154,2,Male,94,2,3,Manufacturing Director,2,Single,9626,16045,2,Y,No,14,3,4,80,0,18,5,3,4,3,0,2
38,No,Travel_Rarely,1231,Research & Development,17,4,Other,1,155,3,Male,61,1,1,Research Director,3,Single,5845,5239,4,Y,No,15,3,3,80,0,15,6,2,8,4,3,5
37,No,Travel_Frequently,1499,Research & Development,7,4,Life Sciences,1,156,4,Female,98,3,4,Laboratory Technician,1,Married,11458,6746,1,Y,No,13,3,3,80,0,17,4,2,5,4,0,4
34,No,Travel_Rarely,127,Sales,10,2,Medical,1,157,1,Male,86,2,3,Sales Representative,1,Married,8521,8363,2,Y,No,15,3,3,80,0,13,1,1,2,1,0,1
37,No,Travel_Rarely,270,Research & Development,15,3,Medical,1,158,2,Male,62,2,4,Healthcare Representative,4,Single,11129,26624,3,Y,Yes,16,3,4,80,0,16,0,3,2,0,0,0
24,No,Travel_Rarely,1224,Sales,4,3,Medical,1,159,1,Male,43,3,3,Manager,4,Divorced,8443,11587,1,Y,Yes,20,3,3,80,1,3,2,4,3,2,0,2
43,No,Travel_Rarely,1299,Research & Development,2,5,Life Sciences,1,160,2,Male,58,3,4,Laboratory Technician,4,Married,11624,16925,5,Y,Yes,11,3,3,80,1,21,1,3,3,2,1,2
36,No,Travel_Rarely,316,Research & Development,1,3,Life Sciences,1,161,1,Female,59,3,2,Laboratory Technician,1,Single,7168,12402,2,Y,No,15,3,3,80,1,15,1,3,9,5,5,6
31,No,Travel_Frequently,1416,Research & Development,18,1,Technical Degree,1,162,1,Male,34,2,2,Manufacturing Director,1,Married,5057,4111,3,Y,No,15,3,4,80,2,11,2,3,1,0,0,0
18,No,Travel_Rarely,1352,Sales,1,2,Life Sciences,1,163,4,Male,58,1,2,Manager,4,Single,5715,14020,0,Y,Yes,11,3,3,80,1,0,4,3,1,0,0,0
26,No,Travel_Rarely,1397,Research & Development,6,1,Life Sciences,1,164,4,Male,45,2,2,Research Scientist,4,Single,3012,3541,3,Y,No,12,3,3,80,2,4,1,3,4,2,0,3
26,No,Travel_Frequently,439,Sales,1,4,Life Sciences,1,165,2,Female,47,2,2,Sales Executive,4,Married,5123,26806,3,Y,No,14,3,4,80,0,4,3,3,4,1,1,1
25,Yes,Non-Travel,977,Human Resources,3,2,Life Sciences,1,166,3,Male,96,3,2,Manager,3,Divorced,7416,11220,3,Y,Yes,17,3,2,80,1,5,5,2,0,0,0,0
44,No,Travel_Rarely,1283,Sales,4,3,Marketing,1,167,2,Male,61,3,2,Manager,3,Single,8343,13339,2,Y,Yes,15,3,2,80,0,21,1,3,12,3,5,11
45,Yes,Travel_Rarely,387,Sales,8,4,Life Sciences,1,168,1,Male,92,3,1,Manager,2,Married,4959,6876,2,Y,No,12,3,4,80,1,22,2,3,5,4,2,3
29,No,Travel_Rarely,1199,Research & Development,4,2,Technical Degree,1,169,3,Female,92,2,2,Healthcare Representative,3,Single,5892,22897,2,Y,Yes,13,3,2,80,0,6,3,4,0,0,0,0
32,No,Non-Travel,538,Research & Development,11,5,Technical Degree,1,170,3,Male,83,3,3,Research Director,3,Married,9439,13953,6,Y,No,13,3,4,80,0,11,2,3,3,1,0,2
28,No,Non-Travel,1137,Sales,5,3,Medical,1,171,2,Male,39,3,1,Sales Representative,2,Divorced,5154,15416,2,Y,No,15,3,2,80,1,5,4,3,2,1,0,1
58,No,Travel_Frequently,540,Sales,7,4,Life Sciences,1,172,3,Male,65,2,1,Sales Executive,4,Married,7209,10630,1,Y,No,11,4,4,80,1,35,1,2,0,0,0,0
57,No,Travel_Rarely,853,Sales,1,3,Medical,1,173,3,Male,37,3,2,Sales Executive,3,Married,7638,26052,1,Y,No,14,3,4,80,1,35,6,3,0,0,0,0
47,No,Travel_Rarely,495,Research & Development,10,3,Medical,1,174,1,Male,85,3,3,Manufacturing Director,1,Single,9341,18086,3,Y,Yes,17,3,4,80,1,25,2,3,3,0,0,1
28,Yes,Travel_Rarely,259,Research & Development,7,3,Other,1,175,4,Female,46,3,1,Manufacturing Director,1,Divorced,3972,11112,0,Y,Yes,23,3,2,80,0,5,1,3,5,3,0,3
36,No,Travel_Rarely,637,Research & Development,7,3,Life Sciences,1,176,3,Male,84,3,2,Laboratory Technician,4,Married,7061,4780,3,Y,No,19,3,4,80,0,14,3,3,14,11,1,8
37,No,Travel_Frequently,716,Human Resources,1,1,Human Resources,1,177,2,Female,99,3,3,Human Resources,3,Single,8911,17816,1,Y,No,13,3,4,80,2,15,2,3,5,1,2,4
46,Yes,Travel_Frequently,767,Research & Development,6,2,Other,1,178,2,Male,84,1,4,Manufacturing Director,3,Married,12932,26324,0,Y,No,17,3,2,80,1,24,4,2,19,14,7,8
35,No,Travel_Frequently,850,Sales,2,4,Marketing,1,179,2,Male,66,3,5,Sales Executive,3,Divorced,12940,10419,1,Y,No,11,3,4,80,0,14,5,3,2,1,0,0
37,No,Travel_Rarely,729,Research & Development,8,3,Other,1,180,3,Female,39,3,3,Research Scientist,3,Single,8674,15827,4,Y,No,16,3,1,80,1,14,1,3,0,0,0,0
28,No,Travel_Frequently,688,Research & Development,21,4,Medical,1,181,3,Male,80,2,2,Laboratory Technician,4,Single,5745,20312,3,Y,No,15,3,1,80,1,7,1,3,0,0,0,0
48,No,Travel_Frequently,739,Research & Development,3,1,Technical Degree,1,182,4,Female,36,3,3,Manager,2,Married,11686,20989,4,Y,No,16,3,4,80,0,27,2,2,7,3,2,6
34,Yes,Travel_Frequently,1134,Research & Development,1,4,Technical Degree,1,183,3,Male,89,3,2,Research Director,1,Single,7880,9130,2,Y,Yes,15,3,3,80,1,13,6,2,0,0,0,0
27,No,Travel_Rarely,722,Sales,4,5,Marketing,1,184,1,Male,46,3,5,Sales Representative,1,Single,12763,5050,3,Y,No,13,3,1,80,0,5,5,3,1,0,0,0
49,No,Travel_Rarely,400,Research & Development,13,3,Life Sciences,1,185,1,Male,49,3,3,Manufacturing Director,3,Single,9956,12225,5,Y,No,13,4,3,80,0,27,3,3,0,0,0,0
46,No,Travel_Rarely,900,Sales,10,3,Life Sciences,1,186,3,Male,61,2,1,Sales Representative,2,Single,6697,25315,3,Y,No,13,3,3,80,1,26,3,3,2,1,0,1
42,No,Travel_Rarely,600,Sales,14,2,Life Sciences,1,187,3,Female,38,3,3,Sales Representative,4,Married,8993,17131,2,Y,Yes,22,3,3,80,2,20,2,3,3,2,0,2
35,No,Travel_Rarely,243,Sales,2,2,Other,1,188,4,Male,44,3,2,Manager,4,Married,7039,4493,4,Y,Yes,15,3,2,80,1,13,0,3,7,5,2,2
30,No,Travel_Rarely,1191,Research & Development,2,1,Life Sciences,1,189,3,Female,51,4,2,Manager,4,Married,7179,9281,2,Y,No,14,3,3,80,1,10,3,3,8,4,2,6
31,No,Travel_Rarely,380,Research & Development,1,2,Medical,1,190,3,Female,45,2,3,Research Scientist,3,Single,8315,8246,3,Y,No,14,3,3,80,0,8,2,4,0,0,0,0
29,No,Travel_Frequently,390,Sales,4,2,Life Sciences,1,191,3,Male,31,3,4,Sales Executive,3,Married,11527,10299,5,Y,No,14,3,2,80,2,6,3,3,6,3,0,4
23,No,Non-Travel,1422,Research & Development,5,2,Other,1,192,2,Female,56,3,1,Research Scientist,1,Married,3487,5097,2,Y,Yes,13,3,1,80,1,1,4,3,1,0,0,0
36,Yes,Travel_Rarely,379,Research & Development,10,3,Life Sciences,1,193,1,Female,86,3,4,Research Scientist,1,Married,11182,26219,3,Y,Yes,17,3,3,80,2,15,2,2,0,0,0,0
52,No,Travel_Rarely,961,Research & Development,11,1,Medical,1,194,4,Female,87,3,4,Laboratory Technician,4,Married,12033,20357,3,Y,No,18,3,3,80,1,30,4,2,10,7,4,3
32,No,Travel_Frequently,1459,Research & Development,7,2,Technical Degree,1,195,4,Female,78,2,1,Manufacturing Director,3,Married,5494,21718,3,Y,Yes,15,3,4,80,0,12,2,3,12,10,1,7
49,No,Travel_Rarely,727,Research & Development,1,2,Technical Degree,1,196,4,Female,53,4,5,Manufacturing Director,4,Divorced,14360,20168,1,Y,No,12,3,3,80,2,28,3,2,0,0,0,0
25,No,Non-Travel,161,Sales,1,2,Medical,1,197,3,Male,42,2,3,Manager,4,Divorced,8282,2350,1,Y,Yes,11,3,3,80,3,4,2,2,4,2,1,1
27,No,Non-Travel,1065,Research & Development,29,2,Medical,1,198,1,Female,79,3,1,Research Scientist,4,Divorced,3863,2139,2,Y,No,14,4,1,80,0,4,2,2,4,1,1,2
37,No,Travel_Rarely,1027,Research & Development,6,3,Technical Degree,1,199,2,Female,51,3,1,Manufacturing Director,1,Married,4971,14498,4,Y,No,17,4,1,80,1,14,1,2,14,6,4,8
25,No,Travel_Rarely,1080,Research & Development,10,3,Medical,1,200,2,Male,83,3,1,Research Director,2,Single,4079,23189,3,Y,No,12,3,2,80,0,2,3,3,0,0,0,0
23,No,Travel_Rarely,634,Research & Development,2,2,Medical,1,201,1,Male,50,3,2,Laboratory Technician,2,Married,6505,26721,0,Y,No,17,3,3,80,3,2,3,2,2,1,0,1
27,No,Travel_Rarely,954,Sales,1,4,Marketing,1,202,1,Female,52,3,1,Sales Executive,4,Divorced,4100,12610,5,Y,No,11,3,2,80,2,6,0,3,4,2,0,3
54,No,Travel_Rarely,1245,Sales,14,3,Marketing,1,203,4,Male,96,3,2,Sales Representative,2,Married,8068,17002,4,Y,No,11,3,2,80,0,32,4,3,4,2,0,1
30,No,Travel_Rarely,629,Sales,6,3,Marketing,1,204,2,Male,32,2,4,Sales Representative,4,Married,11155,12814,1,Y,Yes,15,3,4,80,1,8,4,3,3,2,1,1
30,No,Travel_Rarely,1235,Research & Development,1,4,Technical Degree,1,205,2,Male,66,3,2,Laboratory Technician,3,Married,5185,22350,0,Y,No,13,3,4,80,1,10,5,2,9,7,4,4
55,No,Travel_Frequently,488,Research & Development,1,2,Other,1,206,4,Male,54,3,4,Manufacturing Director,4,Divorced,13143,12839,4,Y,No,11,3,1,80,2,32,1,3,3,1,1,0
44,No,Travel_Rarely,1100,Research & Development,20,4,Medical,1,207,3,Female,90,3,3,Laboratory Technician,4,Divorced,9844,25540,3,Y,No,11,3,1,80,1,21,4,1,10,8,3,5
34,No,Travel_Frequently,723,Research & Development,11,3,Other,1,208,1,Male,72,3,1,Research Director,1,Married,3925,2303,4,Y,No,11,3,4,80,1,12,4,2,1,0,0,0
27,No,Non-Travel,725,Research & Development,7,3,Life Sciences,1,209,4,Male,66,3,3,Research Scientist,2,Single,7428,13636,4,Y,No,20,3,2,80,1,5,4,2,3,1,1,2
39,No,Non-Travel,1289,Research & Development,6,3,Life Sciences,1,210,4,Female,67,2,4,Research Director,1,Single,11324,3434,3,Y,No,21,3,4,80,1,18,4,3,4,3,0,2
34,No,Travel_Rarely,1433,Human Resources,2,3,Life Sciences,1,211,1,Male,57,3,1,Manager,2,Single,4692,10355,2,Y,No,11,3,3,80,2,14,4,3,2,1,0,1
35,No,Travel_Rarely,1114,Research & Development,7,1,Life Sciences,1,212,3,Male,92,3,1,Manager,3,Divorced,5578,25820,2,Y,Yes,15,3,2,80,1,12,6,3,3,2,0,1
45,Yes,Travel_Rarely,165,Research & Development,5,3,Other,1,213,1,Female,36,2,3,Manager,4,Single,9685,10326,2,Y,Yes,11,3,4,80,0,24,4,3,5,4,0,4
49,No,Travel_Rarely,1163,Research & Development,1,4,Life Sciences,1,214,3,Female,40,3,4,Manager,4,Single,14097,14576,5,Y,No,14,3,2,80,0,28,4,3,6,2,1,4
34,No,Travel_Frequently,259,Research & Development,11,2,Other,1,215,4,Male,73,2,3,Research Scientist,4,Married,10248,18971,2,Y,Yes,13,3,4,80,0,12,2,3,6,2,0,5
18,No,Travel_Rarely,228,Research & Development,1,3,Other,1,216,2,Female,98,3,2,Laboratory Technician,4,Married,5349,4362,1,Y,Yes,15,3,3,80,2,0,4,2,0,0,0,0
43,No,Travel_Frequently,1325,Research & Development,29,3,Other,1,217,4,Male,95,2,5,Healthcare Representative,2,Married,14598,13235,1,Y,Yes,15,3,2,80,0,20,1,3,4,2,2,2
31,No,Travel_Rarely,696,Research & Development,13,3,Medical,1,218,4,Male,54,3,5,Research Director,4,Married,13236,15974,1,Y,No,12,3,2,80,1,10,3,3,1,0,0,0
22,Yes,Travel_Rarely,198,Research & Development,2,4,Other,1,219,1,Female,99,3,2,Research Director,1,Married,4668,26743,2,Y,No,15,4,2,80,2,0,2,2,1,0,0,0
52,No,Travel_Rarely,206,Sales,1,2,Other,1,220,3,Male,97,3,2,Sales Executive,4,Married,10242,10054,4,Y,No,11,3,3,80,0,31,4,1,3,2,0,1
60,No,Travel_Frequently,276,Sales,2,3,Life Sciences,1,221,3,Male,83,4,4,Manager,4,Married,14146,13196,3,Y,Yes,12,3,1,80,0,38,4,3,2,1,0,1
50,No,Travel_Frequently,420,Research & Development,1,4,Life Sciences,1,222,2,Male,63,2,4,Manufacturing Director,3,Married,11826,3988,2,Y,No,11,3,1,80,1,27,4,3,12,11,1,4
18,Yes,Travel_Rarely,1309,Sales,4,2,Marketing,1,223,1,Male,53,4,3,Sales Executive,2,Single,8694,21434,0,Y,Yes,14,4,4,80,0,0,2,3,1,0,0,0
28,No,Travel_Rarely,1154,Research & Development,1,1,Life Sciences,1,224,4,Female,77,3,2,Manufacturing Director,2,Married,4998,10615,1,Y,No,21,3,1,80,1,6,1,3,6,5,3,1
45,No,Travel_Rarely,754,Research & Development,1,5,Life Sciences,1,225,4,Female,87,4,3,Research Scientist,3,Married,8483,4263,0,Y,Yes,15,4,3,80,1,25,2,3,11,6,2,9
28,Yes,Travel_Frequently,881,Research & Development,22,3,Technical Degree,1,226,4,Male,99,3,2,Research Scientist,3,Divorced,5952,21440,5,Y,No,18,3,3,80,1,5,4,3,0,0,0,0
40,No,Travel_Rarely,1489,Research & Development,7,2,Technical Degree,1,227,3,Female,80,3,1,Manager,4,Married,4561,4379,3,Y,No,18,3,3,80,0,17,2,2,0,0,0,0
21,No,Travel_Rarely,112,Sales,3,1,Medical,1,228,3,Male,82,1,5,Manager,4,Divorced,11829,12341,6,Y,No,18,3,3,80,1,0,5,2,1,0,0,0
31,No,Non-Travel,333,Research & Development,1,3,Medical,1,229,4,Male,88,3,3,Healthcare Representative,3,Single,7664,5770,3,Y,No,13,3,3,80,1,9,6,2,1,0,0,0
22,No,Travel_Rarely,509,Research & Development,22,3,Life Sciences,1,230,1,Female,80,2,2,Laboratory Technician,2,Single,5538,6840,4,Y,No,15,4,3,80,0,2,2,3,1,0,0,0
36,Yes,Travel_Rarely,464,Research & Development,6,5,Other,1,231,4,Female,78,3,4,Research Director,3,Single,12069,9538,1,Y,No,15,3,3,80,0,15,5,2,0,0,0,0
46,No,Non-Travel,357,Human Resources,3,4,Other,1,232,4,Male,78,2,2,Manager,4,Married,7724,12396,2,Y,No,18,3,2,80,0,24,1,3,8,3,4,6
19,Yes,Travel_Rarely,212,Research & Development,1,3,Life Sciences,1,233,3,Female,51,3,2,Research Scientist,3,Single,5942,26122,3,Y,No,19,3,4,80,0,0,5,3,1,0,0,0
37,No,Travel_Frequently,311,Research & Development,5,3,Technical Degree,1,234,3,Male,75,3,5,Manager,3,Single,11799,13824,1,Y,No,14,4,4,80,2,15,6,3,2,1,0,1
60,No,Travel_Rarely,465,Sales,4,3,Life Sciences,1,235,2,Male,89,2,2,Manager,3,Single,9012,13839,2,Y,No,11,3,1,80,0,38,5,2,0,0,0,0
30,No,Travel_Rarely,606,Research & Development,5,1,Technical Degree,1,236,3,Male,81,2,5,Laboratory Technician,2,Married,13467,15313,3,Y,No,18,3,4,80,0,10,1,3,5,3,2,4
25,No,Travel_Rarely,1347,Sales,7,3,Medical,1,237,1,Male,81,2,2,Manager,4,Married,6274,12449,1,Y,No,15,3,2,80,1,3,4,3,2,0,0,1
32,No,Travel_Rarely,1114,Research & Development,3,3,Technical Degree,1,238,3,Male,65,3,4,Manufacturing Director,3,Single,9571,14388,2,Y,Yes,11,3,3,80,0,9,2,2,2,1,0,1
46,No,Non-Travel,189,Research & Development,3,2,Other,1,239,2,Male,73,3,2,Research Director,3,Married,6741,8283,2,Y,No,15,3,4,80,3,26,1,2,4,1,1,1
24,No,Travel_Rarely,669,Research & Development,19,2,Medical,1,240,4,Male,61,2,5,Healthcare Representative,1,Married,13712,16660,5,Y,Yes,18,3,4,80,0,3,1,3,3,1,0,2
43,Yes,Travel_Rarely,1431,Research & Development,10,2,Life Sciences,1,241,4,Female,81,4,5,Manager,1,Single,14059,6229,3,Y,No,18,3,3,80,0,23,2,2,0,0,0,0
39,No,Travel_Rarely,681,Research & Development,15,1,Medical,1,242,3,Female,44,2,3,Research Scientist,1,Married,7953,4462,4,Y,No,16,3,3,80,1,18,0,3,13,6,6,11
46,No,Travel_Rarely,262,Sales,1,3,Marketing,1,243,4,Male,46,3,3,Sales Executive,2,Married,11365,24166,2,Y,No,21,3,2,80,1,26,3,3,5,3,1,1
38,No,Travel_Rarely,577,Research & Development,3,3,Technical Degree,1,244,4,Male,55,2,4,Manager,1,Single,9399,22607,3,Y,No,16,4,4,80,0,17,3,3,1,0,0,0
28,No,Travel_Rarely,741,Sales,11,2,Life Sciences,1,245,3,Male,47,2,4,Manager,2,Divorced,9309,7490,3,Y,No,11,3,4,80,1,6,4,1,6,5,1,3
33,No,Travel_Frequently,409,Research & Development,4,3,Life Sciences,1,246,4,Male,39,3,5,Research Director,2,Married,12597,15579,6,Y,No,13,3,3,80,1,12,5,4,7,3,3,2
58,Yes,Travel_Rarely,1149,Research & Development,13,2,Other,1,247,4,Male,57,2,2,Laboratory Technician,1,Single,8680,23659,3,Y,No,11,3,3,80,1,38,2,3,0,0,0,0
31,No,Travel_Frequently,1211,Sales,6,2,Marketing,1,248,2,Male,48,3,3,Manager,2,Married,8098,17168,4,Y,No,21,3,3,80,2,8,2,4,0,0,0,0
35,No,Travel_Rarely,1361,Research & Development,5,2,Life Sciences,1,249,3,Female,42,3,1,Research Scientist,3,Married,3889,16771,2,Y,No,12,3,3,80,0,12,1,2,1,0,0,0
43,No,Travel_Rarely,1373,Research & Development,4,5,Medical,1,250,4,Male,46,2,4,Research Director,2,Divorced,12629,20124,1,Y,No,12,3,4,80,1,23,5,2,8,4,3,7
40,No,Travel_Rarely,1462,Research & Development,2,4,Medical,1,251,4,Male,37,4,5,Healthcare Representative,4,Single,14313,24040,4,Y,No,11,3,1,80,0,19,2,3,3,2,0,2
29,No,Travel_Rarely,977,Sales,2,4,Life Sciences,1,252,3,Male,51,3,4,Manager,4,Divorced,11474,3038,5,Y,No,17,4,4,80,0,6,5,2,6,2,1,5
35,No,Travel_Frequently,350,Sales,9,3,Life Sciences,1,253,1,Male,56,1,1,Sales Executive,2,Married,4725,19427,3,Y,No,14,4,2,80,1,14,3,3,3,2,1,2
21,Yes,Travel_Frequently,1072,Research & Development,7,3,Medical,1,254,4,Female,83,3,3,Manufacturing Director,3,Single,7835,4509,3,Y,Yes,11,3,1,80,2,0,5,2,0,0,0,0
35,No,Travel_Frequently,1098,Research & Development,15,3,Medical,1,255,3,Female,77,2,3,Healthcare Representative,2,Married,8010,13803,3,Y,No,14,4,1,80,2,14,2,3,3,0,1,2
52,No,Travel_Rarely,310,Research & Development,4,1,Other,1,256,1,Male,90,3,3,Manufacturing Director,2,Married,10610,13953,4,Y,Yes,11,3,3,80,1,31,3,3,0,0,0,0
22,No,Travel_Rarely,632,Research & Development,7,4,Medical,1,257,1,Male,76,2,4,Research Scientist,4,Married,9140,5230,2,Y,No,18,3,1,80,0,0,1,2,1,0,0,0
30,No,Travel_Frequently,128,Research & Development,2,1,Medical,1,258,1,Male,97,3,3,Manager,4,Married,7243,4931,2,Y,No,16,3,3,80,0,9,3,3,3,2,1,2
43,No,Travel_Rarely,1000,Research & Development,13,4,Other,1,259,1,Male,61,3,2,Laboratory Technician,4,Married,6772,12496,3,Y,Yes,16,3,4,80,1,22,2,1,3,1,0,1
38,Yes,Travel_Rarely,1146,Research & Development,7,3,Technical Degree,1,260,2,Female,65,3,5,Research Scientist,1,Single,14031,4016,1,Y,No,11,3,3,80,0,18,1,3,13,4,3,4
45,No,Travel_Rarely,848,Sales,1,3,Life Sciences,1,261,2,Male,30,1,3,Sales Representative,3,Divorced,10593,18972,3,Y,No,13,3,4,80,1,24,0,3,2,1,0,1
34,No,Travel_Rarely,849,Sales,7,2,Medical,1,262,3,Male,93,3,2,Manager,1,Married,7330,26603,2,Y,No,11,3,1,80,0,13,2,1,13,11,3,5
24,No,Travel_Frequently,926,Research & Development,2,2,Life Sciences,1,263,2,Male,48,3,4,Manufacturing Director,4,Married,11815,6516,1,Y,Yes,14,3,4,80,1,4,4,2,1,0,0,0
39,No,Travel_Rarely,1182,Research & Development,2,5,Life Sciences,1,264,1,Female,65,3,2,Healthcare Representative,3,Married,7103,24101,6,Y,Yes,15,3,1,80,1,19,1,2,2,1,1,1
37,No,Travel_Rarely,798,Sales,1,3,Other,1,265,4,Female,55,3,3,Manager,4,Single,9172,14114,4,Y,No,13,3,2,80,2,14,2,3,5,4,2,3
49,No,Travel_Rarely,792,Research & Development,11,5,Life Sciences,1,266,3,Female,42,1,1,Manager,4,Married,7471,8711,3,Y,No,17,3,2,80,1,26,2,3,2,0,0,1
32,No,Travel_Frequently,966,Sales,19,1,Other,1,267,3,Male,86,2,4,Manager,3,Married,11200,21735,3,Y,No,13,3,4,80,2,11,2,4,4,1,2,3
30,No,Travel_Rarely,1433,Research & Development,2,3,Technical Degree,1,268,4,Female,78,1,4,Laboratory Technician,4,Married,12522,25544,2,Y,No,13,3,3,80,0,8,4,1,1,0,0,0
52,No,Travel_Rarely,886,Research & Development,7,4,Other,1,269,4,Female,43,3,1,Manager,4,Married,6747,11205,2,Y,No,22,3,2,80,0,32,3,3,1,0,0,0
34,No,Non-Travel,612,Research & Development,1,3,Other,1,270,4,Female,45,2,3,Research Director,4,Single,9919,10170,0,Y,No,17,3,3,80,0,11,1,4,4,2,2,1
25,No,Travel_Rarely,370,Research & Development,17,2,Other,1,271,2,Female,49,3,4,Manager,1,Married,11610,5136,3,Y,No,15,3,4,80,1,5,2,1,5,1,0,3
44,No,Travel_Rarely,596,Research & Development,2,3,Medical,1,272,3,Male,81,2,4,Research Director,1,Single,12736,2116,4,Y,No,17,3,3,80,1,21,2,2,5,3,0,4
36,No,Travel_Rarely,1087,Research & Development,1,1,Medical,1,273,3,Female,83,1,1,Research Scientist,4,Married,6360,6325,1,Y,Yes,14,3,4,80,0,14,2,3,5,4,2,4
28,No,Travel_Rarely,688,Research & Development,4,3,Other,1,274,1,Male,67,3,5,Research Director,3,Divorced,11330,5845,1,Y,No,15,3,4,80,0,7,4,3,0,0,0,0
41,No,Travel_Rarely,1428,Research & Development,11,5,Other,1,275,4,Male,36,3,2,Laboratory Technician,1,Married,7044,16651,1,Y,No,11,3,4,80,0,19,2,2,10,4,0,7
32,No,Travel_Rarely,366,Research & Development,8,3,Life Sciences,1,276,3,Male,66,3,3,Manager,3,Married,8282,6344,2,Y,No,22,3,3,80,0,10,2,3,1,0,0,0
42,No,Travel_Rarely,127,Sales,20,3,Marketing,1,277,4,Male,54,1,1,Sales Representative,3,Divorced,4977,3445,0,Y,No,15,3,4,80,0,19,5,4,11,4,1,5
32,No,Travel_Rarely,541,Sales,1,2,Life Sciences,1,278,4,Male,69,2,2,Sales Representative,2,Divorced,6797,25413,1,Y,Yes,20,3,2,80,0,11,0,3,10,7,2,8
39,Yes,Travel_Rarely,987,Sales,1,3,Marketing,1,279,3,Male,55,2,3,Manager,2,Single,8208,10069,5,Y,No,25,3,1,80,0,18,6,3,18,6,8,9
29,No,Travel_Rarely,1351,Research & Development,1,4,Medical,1,280,3,Female,80,2,4,Manager,3,Married,9542,19269,4,Y,Yes,15,3,4,80,1,8,2,1,2,1,0,1
30,No,Travel_Rarely,1075,Research & Development,3,5,Medical,1,281,1,Male,40,2,3,Research Scientist,4,Divorced,8074,26314,2,Y,No,11,3,3,80,1,8,3,2,4,1,0,3
25,No,Travel_Rarely,1236,Research & Development,14,2,Technical Degree,1,282,3,Female,62,3,2,Manufacturing Director,3,Divorced,6872,13197,4,Y,No,11,3,4,80,1,5,0,4,5,4,2,4
40,No,Travel_Rarely,547,Research & Development,7,3,Medical,1,283,4,Female,97,3,1,Laboratory Technician,4,Married,5374,15136,3,Y,No,16,3,1,80,1,18,1,2,3,2,0,1
48,No,Travel_Rarely,1271,Research & Development,7,2,Life Sciences,1,284,3,Male,86,2,3,Healthcare Representative,2,Divorced,10950,7379,2,Y,No,17,4,4,80,1,25,5,3,0,0,0,0
26,No,Travel_Rarely,237,Sales,1,2,Other,1,285,1,Female,50,2,4,Sales Executive,3,Divorced,9305,4955,2,Y,No,17,4,4,80,1,4,0,3,2,1,0,1
41,No,Travel_Rarely,660,Research & Development,2,4,Other,1,286,1,Male,43,3,2,Healthcare Representative,4,Married,6746,26589,4,Y,No,14,4,3,80,1,18,2,3,18,11,5,12
38,No,Travel_Frequently,891,Research & Development,1,2,Technical Degree,1,287,4,Male,70,3,3,Manufacturing Director,4,Divorced,9775,23417,3,Y,No,17,3,3,80,0,15,3,3,0,0,0,0
44,No,Travel_Rarely,854,Human Resources,4,2,Other,1,288,3,Male,91,2,5,Human Resources,4,Married,14984,11061,3,Y,No,18,4,1,80,1,21,3,3,3,1,1,2
42,No,Travel_Rarely,317,Research & Development,6,4,Medical,1,289,4,Male,63,3,2,Healthcare Representative,1,Married,6796,10249,2,Y,No,11,3,3,80,0,19,4,2,3,2,0,1
31,Yes,Travel_Rarely,1050,Research & Development,4,1,Other,1,290,1,Male,93,2,2,Research Scientist,2,Married,6431,14298,4,Y,Yes,20,3,3,80,1,10,4,3,7,5,1,3
51,Yes,Travel_Frequently,419,Sales,10,2,Marketing,1,291,4,Male,83,3,1,Sales Executive,2,Single,5987,7828,1,Y,No,11,3,3,80,1,29,0,3,1,0,0,0
48,No,Travel_Rarely,654,Research & Development,9,4,Medical,1,292,4,Male,67,3,4,Manager,1,Single,13883,19618,2,Y,No,18,3,4,80,2,26,0,3,0,0,0,0
37,No,Travel_Rarely,118,Sales,17,1,Medical,1,293,2,Female,47,3,2,Manager,4,Married,7437,10714,1,Y,No,21,3,3,80,0,15,4,2,11,8,3,9
41,No,Travel_Rarely,1084,Research & Development,1,3,Medical,1,294,4,Male,81,2,5,Laboratory Technician,3,Married,13914,24225,2,Y,No,12,3,4,80,0,21,2,1,3,1,1,1
42,Yes,Travel_Rarely,954,Sales,7,2,Other,1,295,3,Female,35,2,2,Sales Executive,1,Married,7761,13085,1,Y,Yes,18,3,4,80,2,22,3,3,5,2,2,4
38,No,Travel_Rarely,1247,Sales,14,4,Marketing,1,296,4,Male,81,2,3,Sales Representative,1,Single,9713,4049,5,Y,Yes,11,3,3,80,1,18,2,4,14,12,2,13
45,No,Travel_Rarely,1372,Research & Development,11,3,Medical,1,297,3,Female,58,3,2,Manager,1,Married,7792,7725,6,Y,No,16,3,4,80,3,22,2,2,11,4,3,5
44,Yes,Travel_Rarely,966,Research & Development,1,2,Technical Degree,1,298,2,Male,47,3,1,Laboratory Technician,3,Married,4481,18138,3,Y,No,14,3,1,80,2,21,3,1,0,0,0,0
42,No,Travel_Rarely,124,Research & Development,3,1,Other,1,299,1,Male,36,2,2,Laboratory Technician,2,Married,7531,20374,4,Y,No,14,3,3,80,1,20,3,3,1,0,0,0
26,No,Travel_Frequently,691,Research & Development,4,4,Technical Degree,1,300,3,Female,35,3,4,Manufacturing Director,4,Married,11947,9838,2,Y,Yes,11,3,4,80,1,4,4,3,4,1,0,2
42,No,Travel_Rarely,543,Sales,1,1,Life Sciences,1,301,1,Male,44,2,2,Manager,2,Single,9070,15982,4,Y,Yes,18,3,1,80,0,20,2,3,5,2,2,1
38,No,Travel_Frequently,1474,Research & Development,1,2,Medical,1,302,3,Male,57,3,5,Laboratory Technician,4,Married,12620,2621,2,Y,No,12,3,2,80,2,16,4,3,1,0,0,0
43,No,Travel_Rarely,312,Sales,22,2,Life Sciences,1,303,4,Male,67,3,2,Sales Representative,4,Divorced,6934,10914,3,Y,No,25,3,3,80,2,20,2,3,5,3,1,1
46,No,Non-Travel,802,Research & Development,6,4,Medical,1,304,2,Male,61,3,5,Manager,3,Married,12642,3687,5,Y,Yes,16,3,4,80,0,25,0,3,4,2,1,2
39,Yes,Travel_Frequently,1178,Research & Development,1,3,Medical,1,305,3,Female,95,3,2,Healthcare Representative,2,Married,7068,8479,0,Y,No,15,4,1,80,1,18,3,2,0,0,0,0
28,No,Travel_Rarely,557,Research & Development,4,3,Life Sciences,1,306,2,Male,89,3,3,Research Scientist,3,Single,8819,19404,1,Y,Yes,16,4,3,80,0,8,4,2,8,2,4,3
42,No,Travel_Rarely,866,Research & Development,5,3,Technical Degree,1,307,3,Male,51,3,2,Laboratory Technician,4,Single,6825,19524,1,Y,Yes,12,4,4,80,2,21,4,4,19,10,10,18
36,No,Travel_Rarely,1376,Research & Development,9,3,Technical Degree,1,308,2,Female,97,2,3,Manufacturing Director,4,Single,8788,9162,1,Y,No,23,3,4,80,1,13,3,3,2,1,0,1
44,Yes,Travel_Rarely,351,Sales,1,2,Medical,1,309,4,Male,46,1,3,Sales Executive,4,Married,9954,10402,1,Y,No,11,4,4,80,2,21,2,3,1,0,0,0
30,No,Travel_Rarely,1488,Research & Development,4,2,Other,1,310,3,Male,44,3,3,Manager,3,Divorced,7863,21585,3,Y,No,18,3,1,80,1,10,4,3,2,1,0,1
36,No,Travel_Rarely,905,Research & Development,1,4,Medical,1,311,4,Male,87,3,3,Laboratory Technician,1,Married,9739,25657,1,Y,No,14,4,1,80,2,15,3,3,9,5,3,6
28,No,Travel_Rarely,863,Research & Development,2,4,Technical Degree,1,312,4,Male,86,3,1,Research Director,4,Single,4892,3530,4,Y,No,20,3,3,80,1,7,1,2,7,2,3,6
34,No,Travel_Rarely,527,Research & Development,9,4,Technical Degree,1,313,4,Male,91,2,5,Manager,3,Divorced,12863,13574,2,Y,No,17,4,1,80,1,12,1,3,9,6,2,8
39,No,Non-Travel,180,Sales,3,3,Other,1,314,4,Female,31,3,2,Manager,4,Married,5114,4746,5,Y,No,14,3,2,80,0,16,3,3,0,0,0,0
49,No,Non-Travel,650,Research & Development,1,3,Medical,1,315,1,Female,45,3,5,Research Scientist,2,Married,14370,24402,3,Y,Yes,11,3,1,80,2,26,1,2,2,1,0,1
37,No,Travel_Rarely,1306,Research & Development,6,1,Technical Degree,1,316,1,Female,92,2,4,Research Scientist,3,Single,10304,3810,2,Y,No,19,3,1,80,1,16,2,2,4,2,2,2
39,No,Travel_Rarely,1435,Research & Development,29,4,Life Sciences,1,317,3,Male,76,3,2,Laboratory Technician,4,Divorced,6785,21683,0,Y,No,16,3,2,80,0,19,2,3,11,9,1,10
42,Yes,Travel_Rarely,1481,Research & Development,1,4,Technical Degree,1,318,1,Male,43,2,3,Manager,1,Married,10799,17728,2,Y,No,15,3,1,80,1,19,3,3,5,3,2,4
35,No,Travel_Frequently,556,Research & Development,27,2,Other,1,319,3,Male,51,3,1,Healthcare Representative,3,Divorced,3097,26324,3,Y,No,11,3,3,80,1,12,3,2,7,3,1,5
38,No,Travel_Rarely,1404,Research & Development,12,2,Medical,1,320,3,Female,88,3,5,Manager,4,Married,14098,5038,2,Y,No,13,3,2,80,0,15,4,2,0,0,0,0
40,No,Travel_Rarely,762,Sales,5,4,Marketing,1,321,3,Male,77,1,1,Sales Representative,3,Single,4309,3179,2,Y,No,20,3,1,80,1,17,3,3,0,0,0,0
30,Yes,Travel_Rarely,571,Human Resources,3,2,Human Resources,1,322,4,Male,77,3,5,Human Resources,3,Married,13870,9866,5,Y,No,13,3,3,80,1,10,1,3,0,0,0,0
32,No,Travel_Rarely,1371,Sales,2,3,Life Sciences,1,323,3,Male,90,3,1,Sales Executive,2,Single,5305,3017,2,Y,No,14,3,1,80,2,12,2,3,3,2,1,2
47,No,Non-Travel,1474,Research & Development,6,4,Technical Degree,1,324,3,Male,35,2,1,Research Scientist,2,Married,5306,13883,6,Y,No,17,3,4,80,2,25,4,2,0,0,0,0
37,No,Travel_Rarely,1494,Research & Development,10,2,Medical,1,325,3,Male,47,1,4,Manufacturing Director,3,Single,9493,18233,3,Y,Yes,11,3,3,80,0,14,5,3,1,0,0,0
32,No,Travel_Rarely,965,Research & Development,1,1,Medical,1,326,3,Male,50,2,3,Research Scientist,3,Divorced,10416,23103,1,Y,Yes,12,4,4,80,1,10,4,3,3,2,1,2
44,No,Travel_Rarely,1163,Human Resources,16,4,Life Sciences,1,327,2,Male,91,3,3,Manager,2,Single,9539,24922,2,Y,No,21,3,4,80,0,24,2,3,15,12,8,11
52,No,Travel_Rarely,718,Research & Development,5,3,Medical,1,328,1,Male,88,2,3,Research Director,4,Married,11476,4730,5,Y,No,18,3,2,80,1,32,3,3,3,1,1,2
47,No,Travel_Rarely,663,Research & Development,13,3,Other,1,329,4,Female,76,2,4,Research Scientist,2,Divorced,12593,8199,1,Y,No,11,3,3,80,0,27,3,3,6,4,1,3
46,No,Travel_Rarely,1060,Research & Development,1,1,Technical Degree,1,330,2,Male,86,2,1,Manager,2,Married,4145,17648,4,Y,No,14,4,1,80,0,25,2,2,0,0,0,0
40,No,Travel_Rarely,1317,Research & Development,6,2,Medical,1,331,1,Female,35,3,3,Research Director,3,Divorced,10504,15590,3,Y,No,16,3,3,80,1,17,2,2,17,12,2,10
38,No,Non-Travel,379,Research & Development,25,5,Technical Degree,1,332,3,Female,97,2,4,Research Scientist,2,Married,11856,17773,3,Y,No,14,3,3,80,0,15,3,4,11,7,3,4
41,No,Travel_Rarely,831,Sales,1,3,Life Sciences,1,333,4,Male,49,1,5,Sales Representative,4,Divorced,12804,21033,0,Y,No,15,3,3,80,2,19,0,3,2,1,0,1
23,Yes,Non-Travel,1244,Sales,1,3,Life Sciences,1,334,1,Male,94,3,3,Manager,4,Married,8660,24936,5,Y,Yes,20,3,3,80,1,0,2,2,1,0,0,0
44,No,Travel_Rarely,117,Human Resources,4,2,Other,1,335,4,Male,70,2,3,Manager,4,Married,10081,25865,4,Y,No,11,3,3,80,3,22,1,3,0,0,0,0
23,Yes,Travel_Rarely,1047,Human Resources,1,1,Life Sciences,1,336,4,Male,51,2,4,Human Resources,4,Single,8660,5757,2,Y,Yes,12,3,2,80,1,2,3,3,1,0,0,0
39,Yes,Travel_Frequently,1236,Research & Development,1,1,Other,1,337,4,Male,34,3,4,Manufacturing Director,3,Married,14126,25233,5,Y,No,20,3,1,80,1,18,3,3,2,0,0,1
37,No,Travel_Rarely,496,Research & Development,7,2,Life Sciences,1,338,1,Male,66,3,2,Manager,4,Divorced,5735,5142,3,Y,No,13,3,3,80,1,14,1,3,14,7,4,8
24,No,Travel_Frequently,1119,Sales,3,3,Life Sciences,1,339,3,Female,86,1,5,Manager,1,Married,10972,22068,3,Y,Yes,17,3,3,80,2,4,2,3,4,1,2,3
30,Yes,Travel_Rarely,185,Research & Development,29,2,Life Sciences,1,340,1,Male,72,3,2,Healthcare Representative,1,Single,6998,5913,6,Y,No,15,3,3,80,0,9,2,2,2,0,0,1
45,Yes,Travel_Rarely,229,Sales,2,1,Marketing,1,341,3,Male,67,2,4,Sales Executive,4,Single,11261,12774,2,Y,No,12,3,3,80,0,24,4,2,2,1,0,0
54,No,Travel_Rarely,1123,Research & Development,6,2,Technical Degree,1,342,2,Female,72,2,4,Healthcare Representative,4,Single,13994,18527,2,Y,No,13,3,4,80,0,34,1,3,0,0,0,0
34,No,Travel_Rarely,1388,Sales,10,1,Other,1,343,1,Female,35,1,3,Sales Representative,3,Divorced,8778,12827,1,Y,No,21,4,3,80,3,14,2,1,7,2,2,2
42,No,Travel_Rarely,599,Sales,3,2,Life Sciences,1,344,3,Female,79,3,2,Sales Executive,4,Divorced,7897,11979,3,Y,No,16,3,3,80,0,21,3,3,1,0,0,0
39,Yes,Travel_Rarely,802,Research & Development,3,3,Medical,1,345,3,Female,66,3,2,Laboratory Technician,3,Single,5756,17648,2,Y,Yes,18,3,2,80,0,18,3,2,2,1,0,1
38,Yes,Travel_Rarely,1155,Research & Development,4,1,Life Sciences,1,346,1,Female,36,2,2,Healthcare Representative,2,Divorced,7497,9353,4,Y,Yes,12,3,2,80,0,15,3,3,4,1,1,3
21,Yes,Travel_Rarely,1213,Research & Development,8,2,Technical Degree,1,347,4,Male,91,2,1,Manager,3,Married,3981,2112,3,Y,No,17,3,3,80,1,1,5,3,1,0,0,0
42,No,Travel_Rarely,1149,Research & Development,1,3,Technical Degree,1,348,4,Male,46,4,4,Laboratory Technician,4,Married,13289,23771,4,Y,No,21,3,4,80,2,22,3,3,10,9,0,9
48,Yes,Travel_Rarely,1418,Research & Development,1,5,Technical Degree,1,349,1,Male,47,3,2,Laboratory Technician,2,Married,8862,6593,1,Y,No,11,3,3,80,0,27,1,3,3,2,1,2
35,No,Travel_Rarely,358,Sales,4,4,Medical,1,350,2,Female,63,2,3,Sales Representative,1,Single,8454,8256,1,Y,No,16,3,1,80,0,15,2,4,0,0,0,0
39,No,Travel_Rarely,366,Research & Development,2,3,Medical,1,351,4,Male,93,3,3,Research Director,3,Married,8354,22091,3,Y,Yes,11,3,3,80,1,19,3,3,1,0,0,0
29,No,Travel_Rarely,1433,Research & Development,2,4,Technical Degree,1,352,1,Female,36,2,2,Research Scientist,2,Married,5658,15097,3,Y,No,15,4,4,80,1,6,6,3,3,2,0,2
44,Yes,Travel_Rarely,713,Research & Development,3,2,Technical Degree,1,353,4,Male,39,2,2,Manager,1,Married,6993,10180,2,Y,Yes,13,3,1,80,1,21,4,4,5,2,0,2
31,Yes,Travel_Rarely,273,Research & Development,9,4,Technical Degree,1,354,3,Female,46,2,1,Laboratory Technician,2,Divorced,5026,12044,3,Y,No,14,3,4,80,1,11,4,1,3,1,0,2
21,No,Travel_Frequently,942,Sales,3,4,Life Sciences,1,355,3,Female,67,3,3,Manager,1,Divorced,7997,8921,4,Y,No,15,3,3,80,2,0,2,3,1,0,0,0
24,Yes,Travel_Rarely,681,Sales,1,2,Life Sciences,1,356,1,Female,85,3,2,Manager,4,Married,6729,21744,1,Y,No,15,4,1,80,0,4,4,3,0,0,0,0
27,No,Non-Travel,1325,Research & Development,3,2,Medical,1,357,1,Male,86,3,3,Healthcare Representative,1,Married,8437,5105,2,Y,Yes,12,3,3,80,0,4,3,3,1,0,0,0
29,No,Travel_Rarely,1278,Research & Development,12,3,Technical Degree,1,358,1,Female,85,3,4,Manufacturing Director,4,Single,10681,7507,2,Y,Yes,17,4,3,80,1,6,6,3,6,2,1,5
29,No,Travel_Rarely,1106,Research & Development,9,4,Medical,1,359,2,Male,85,3,2,Manager,1,Married,6909,17290,3,Y,No,11,4,3,80,0,9,0,3,1,0,0,0
36,No,Travel_Rarely,1101,Sales,10,4,Medical,1,360,2,Female,77,3,2,Sales Representative,4,Single,6762,21978,0,Y,No,11,3,1,80,0,16,4,3,5,3,1,3
47,No,Non-Travel,934,Research & Development,7,3,Technical Degree,1,361,3,Female,76,3,3,Laboratory Technician,3,Married,10298,11646,1,Y,No,15,3,1,80,1,26,3,3,5,4,0,2
25,No,Travel_Rarely,803,Sales,10,3,Other,1,362,2,Male,74,3,1,Sales Executive,3,Married,3838,26192,2,Y,No,21,3,2,80,2,4,3,2,4,3,0,1
47,No,Non-Travel,1080,Sales,3,4,Life Sciences,1,363,4,Female,99,4,4,Sales Executive,1,Married,12568,25211,5,Y,Yes,12,3,1,80,1,24,2,2,11,4,2,9
26,No,Travel_Rarely,1342,Sales,8,3,Medical,1,364,1,Female,56,3,2,Sales Representative,4,Married,7453,18575,1,Y,No,13,3,2,80,0,3,3,3,2,1,0,0
38,No,Travel_Rarely,1281,Human Resources,12,4,Other,1,365,2,Male,54,2,2,Manager,3,Single,7335,15234,4,Y,No,16,3,2,80,2,15,4,3,1,0,0,0
18,Yes,Non-Travel,899,Research & Development,1,3,Technical Degree,1,366,3,Male,94,3,4,Healthcare Representative,2,Single,12266,4822,2,Y,No,21,3,1,80,2,0,0,4,1,0,0,0
32,No,Travel_Rarely,893,Research & Development,1,3,Other,1,367,3,Male,69,3,3,Manufacturing Director,2,Married,8641,8989,2,Y,No,14,3,2,80,0,11,1,3,3,0,0,1
32,No,Travel_Frequently,384,Research & Development,7,2,Technical Degree,1,368,3,Male,36,3,1,Research Scientist,3,Married,6243,8542,5,Y,No,11,3,3,80,1,10,0,3,5,3,2,4
60,No,Travel_Frequently,921,Sales,3,2,Life Sciences,1,369,3,Male,98,3,2,Sales Representative,4,Single,10424,16905,5,Y,No,12,3,3,80,1,40,5,3,9,3,0,3
41,No,Travel_Frequently,418,Research & Development,23,2,Technical Degree,1,370,3,Male,66,2,5,Laboratory Technician,1,Divorced,15202,15674,4,Y,No,15,4,2,80,0,19,4,3,7,2,0,3
29,Yes,Travel_Rarely,1325,Sales,22,2,Life Sciences,1,371,1,Male,61,3,1,Sales Representative,1,Single,4563,12768,1,Y,No,12,4,4,80,1,6,3,3,5,4,0,2
50,Yes,Travel_Rarely,1013,Research & Development,26,1,Medical,1,372,3,Male,45,3,2,Manager,2,Divorced,8989,22860,4,Y,Yes,18,3,4,80,0,29,3,3,1,0,0,0
29,Yes,Travel_Frequently,940,Sales,6,4,Medical,1,373,4,Male,66,3,2,Sales Representative,1,Single,6712,16132,2,Y,Yes,14,3,3,80,0,9,2,1,9,4,0,6
38,Yes,Travel_Rarely,374,Research & Development,5,2,Life Sciences,1,374,4,Female,67,2,2,Manufacturing Director,1,Married,6308,20790,3,Y,No,11,3,3,80,0,16,3,1,3,1,1,2
32,No,Travel_Rarely,610,Research & Development,1,4,Life Sciences,1,375,3,Male,39,3,5,Laboratory Technician,4,Married,13742,6675,3,Y,No,12,4,3,80,0,9,1,3,2,0,0,1
47,Yes,Non-Travel,143,Sales,1,2,Other,1,376,4,Female,52,3,5,Sales Executive,2,Married,14945,25735,2,Y,No,14,3,4,80,0,26,2,3,1,0,0,0
38,No,Non-Travel,933,Research & Development,14,2,Medical,1,377,4,Male,88,3,2,Research Scientist,1,Single,8568,8432,4,Y,No,12,3,1,80,0,17,2,2,6,4,2,3
29,No,Travel_Rarely,202,Research & Development,1,2,Life Sciences,1,378,4,Male,54,3,4,Laboratory Technician,3,Divorced,9975,21463,4,Y,No,13,3,3,80,0,7,4,3,7,6,3,5
32,No,Travel_Rarely,1049,Research & Development,8,1,Life Sciences,1,379,2,Female,38,3,1,Manufacturing Director,3,Married,3257,15760,2,Y,No,14,3,3,80,0,9,4,1,5,3,2,2
25,No,Travel_Frequently,118,Research & Development,29,3,Other,1,380,4,Female,51,3,2,Manager,3,Single,6397,18816,5,Y,No,15,3,3,80,2,3,3,3,1,0,0,0
34,No,Travel_Rarely,1050,Sales,4,3,Marketing,1,381,3,Male,44,1,1,Manager,1,Married,4261,18951,3,Y,No,17,3,3,80,0,12,0,2,5,2,2,4
53,No,Travel_Rarely,1132,Research & Development,11,3,Life Sciences,1,382,2,Female,65,2,2,Manufacturing Director,3,Married,8064,5584,0,Y,No,15,3,2,80,0,31,6,3,7,6,3,5
18,No,Travel_Rarely,224,Research & Development,4,3,Life Sciences,1,383,4,Male,84,3,2,Healthcare Representative,4,Married,5314,19664,2,Y,No,14,3,3,80,0,0,0,3,0,0,0,0
45,No,Travel_Frequently,1377,Research & Development,1,2,Technical Degree,1,384,4,Female,39,3,4,Manufacturing Director,4,Divorced,12318,11631,0,Y,Yes,11,3,4,80,2,25,3,3,6,2,3,5
48,No,Travel_Frequently,1011,Sales,2,3,Other,1,385,4,Male,94,3,4,Manager,3,Single,12246,15986,2,Y,No,11,3,4,80,3,26,2,3,3,0,0,2
41,No,Travel_Rarely,765,Research & Development,10,3,Technical Degree,1,386,3,Female,83,3,2,Research Director,2,Divorced,6928,11276,1,Y,Yes,13,3,4,80,0,20,2,3,1,0,0,0
45,No,Travel_Frequently,923,Research & Development,3,3,Technical Degree,1,387,1,Female,76,3,4,Healthcare Representative,4,Divorced,11846,6694,1,Y,No,16,4,1,80,0,22,2,2,3,1,0,1
36,No,Travel_Rarely,359,Research & Development,11,4,Life Sciences,1,388,4,Female,35,2,5,Healthcare Representative,3,Single,12183,17433,2,Y,No,15,4,4,80,1,14,2,4,3,1,0,2
48,No,Travel_Rarely,848,Sales,8,3,Other,1,389,3,Male,54,2,4,Sales Representative,3,Single,12746,19185,1,Y,No,11,3,3,80,1,26,2,2,2,0,0,0
36,No,Non-Travel,402,Research & Development,29,3,Medical,1,390,3,Male,79,3,3,Manager,3,Married,8007,18479,1,Y,No,16,3,1,80,1,13,6,3,13,5,1,8
18,Yes,Travel_Rarely,1136,Sales,10,4,Other,1,391,4,Female,70,2,1,Sales Executive,2,Married,4325,8683,3,Y,Yes,13,4,1,80,1,0,3,3,0,0,0,0
37,No,Travel_Rarely,749,Research & Development,8,4,Other,1,392,4,Male,53,3,4,Laboratory Technician,3,Married,11937,23152,3,Y,No,11,3,1,80,1,16,4,3,6,3,1,3
32,No,Travel_Rarely,325,Sales,4,4,Marketing,1,393,1,Female,43,3,3,Sales Executive,2,Divorced,9379,20326,4,Y,No,14,3,2,80,0,11,2,3,2,1,1,1
36,No,Travel_Rarely,397,Sales,9,2,Marketing,1,394,4,Male,78,3,5,Manager,4,Married,13141,26646,6,Y,Yes,14,4,3,80,0,14,4,3,14,8,8,5
26,No,Travel_Rarely,847,Research & Development,4,3,Life Sciences,1,395,4,Female,62,3,2,Research Director,4,Single,6316,11059,2,Y,No,15,3,3,80,1,4,3,3,1,0,0,0
33,No,Travel_Rarely,243,Sales,3,1,Other,1,396,4,Female,98,3,2,Sales Representative,1,Divorced,7484,9326,4,Y,No,14,3,1,80,0,11,3,2,0,0,0,0
31,No,Travel_Rarely,951,Research & Development,9,1,Technical Degree,1,397,2,Male,78,3,3,Research Scientist,4,Single,8591,22422,1,Y,No,15,3,2,80,0,10,2,3,2,0,1,1
41,No,Travel_Rarely,830,Research & Development,11,3,Other,1,398,2,Female,75,2,1,Laboratory Technician,4,Married,3569,21030,3,Y,No,20,3,4,80,1,18,5,2,12,11,6,10
23,Yes,Non-Travel,268,Sales,2,5,Other,1,399,2,Male,73,3,4,Manager,3,Single,12163,24649,3,Y,Yes,11,3,4,80,0,3,1,4,1,0,0,0
39,No,Travel_Rarely,472,Research & Development,9,4,Other,1,400,3,Female,83,2,2,Healthcare Representative,4,Married,7932,25138,7,Y,No,14,3,3,80,1,16,4,3,7,6,0,4
32,No,Travel_Rarely,1041,Research & Development,17,1,Other,1,401,1,Male,59,2,2,Research Scientist,4,Married,7381,23997,3,Y,No,11,3,1,80,2,12,3,3,1,0,0,0
36,Yes,Travel_Rarely,243,Research & Development,3,3,Life Sciences,1,402,2,Male,95,3,3,Research Director,1,Single,9527,20195,2,Y,Yes,11,3,3,80,2,15,6,3,0,0,0,0
33,No,Travel_Frequently,212,Research & Development,8,2,Other,1,403,3,Female,46,1,3,Manager,3,Divorced,9913,8117,3,Y,No,15,3,3,80,0,13,4,3,13,10,6,12
42,Yes,Travel_Rarely,931,Sales,5,4,Life Sciences,1,404,2,Female,72,3,2,Sales Representative,1,Single,10180,4740,2,Y,No,17,3,3,80,1,21,2,3,0,0,0,0
24,No,Travel_Rarely,1046,Sales,1,2,Life Sciences,1,405,3,Female,53,3,1,Manager,4,Divorced,3597,2254,2,Y,No,15,3,2,80,0,2,2,3,2,0,0,0
36,No,Travel_Rarely,582,Human Resources,1,2,Other,1,406,1,Male,97,3,2,Human Resources,4,Married,6800,17225,3,Y,No,11,3,4,80,0,14,1,3,6,4,0,3
30,No,Travel_Frequently,521,Research & Development,2,3,Technical Degree,1,407,4,Female,35,3,3,Manager,1,Single,7874,6840,4,Y,Yes,12,3,2,80,0,10,3,2,5,3,1,1
36,No,Travel_Rarely,1429,Research & Development,24,4,Other,1,408,3,Male,37,2,1,Manufacturing Director,1,Single,3891,5349,3,Y,No,13,4,3,80,0,15,5,3,12,7,6,4
30,No,Travel_Rarely,905,Sales,1,3,Life Sciences,1,409,3,Male,54,3,4,Manager,3,Single,10716,3546,0,Y,No,16,4,2,80,0,10,3,3,5,2,1,2
32,No,Travel_Rarely,933,Research & Development,6,3,Life Sciences,1,410,2,Female,39,3,2,Laboratory Technician,2,Single,6328,6412,3,Y,Yes,13,4,2,80,0,10,4,3,3,1,0,2
46,No,Travel_Frequently,383,Research & Development,19,4,Other,1,411,4,Female,32,3,3,Research Director,4,Married,9715,2961,2,Y,No,17,3,4,80,0,26,3,3,2,1,1,1
21,No,Travel_Rarely,539,Research & Development,1,3,Life Sciences,1,412,4,Female,33,2,3,Healthcare Representative,2,Married,8265,15982,3,Y,No,14,3,2,80,1,0,1,3,0,0,0,0
35,No,Travel_Rarely,492,Research & Development,6,5,Other,1,413,2,Male,41,3,4,Healthcare Representative,3,Divorced,11565,21206,2,Y,No,11,3,2,80,1,15,0,3,15,13,1,10
21,No,Travel_Rarely,1379,Research & Development,6,2,Life Sciences,1,414,1,Female,30,3,3,Research Scientist,2,Single,7993,5621,2,Y,No,13,3,2,80,2,0,5,3,1,0,0,0
42,No,Travel_Rarely,1308,Sales,1,3,Life Sciences,1,415,4,Female,96,3,2,Manager,4,Married,6710,16718,4,Y,No,18,3,2,80,2,19,3,2,5,3,0,3
31,Yes,Travel_Frequently,822,Research & Development,9,3,Life Sciences,1,416,3,Male,45,3,3,Healthcare Representative,1,Married,9691,19752,4,Y,No,11,3,2,80,0,10,1,3,1,0,0,0
36,No,Travel_Frequently,625,Research & Development,1,3,Medical,1,417,3,Male,79,3,4,Research Scientist,3,Married,11422,10261,4,Y,No,15,3,2,80,1,15,6,2,15,14,0,6
31,Yes,Travel_Frequently,369,Research & Development,2,3,Medical,1,418,2,Male,40,3,4,Research Scientist,2,Married,11403,12446,1,Y,No,19,3,4,80,1,9,3,3,9,6,3,4
57,No,Travel_Rarely,333,Sales,12,4,Medical,1,419,2,Female,87,3,1,Sales Executive,3,Married,5773,18803,2,Y,Yes,17,3,4,80,1,34,4,4,6,2,3,5
51,No,Travel_Frequently,828,Research & Development,8,4,Medical,1,420,4,Male,65,3,5,Research Scientist,4,Married,14765,22158,2,Y,No,14,3,3,80,1,30,0,2,3,1,1,2
37,No,Travel_Rarely,978,Research & Development,9,3,Medical,1,421,1,Female,48,1,4,Research Scientist,4,Married,11068,17801,2,Y,No,18,4,3,80,0,14,6,2,0,0,0,0
18,No,Travel_Rarely,962,Research & Development,13,3,Life Sciences,1,422,2,Female,30,3,1,Healthcare Representative,4,Single,3172,23435,1,Y,No,20,3,4,80,0,0,0,2,1,0,0,0
33,Yes,Travel_Rarely,1064,Sales,19,2,Other,1,423,4,Male,63,2,3,Sales Representative,4,Divorced,10539,4613,2,Y,Yes,17,4,3,80,1,13,0,3,4,1,1,3
44,No,Non-Travel,1436,Sales,1,3,Other,1,424,1,Male,39,3,5,Manager,2,Single,14183,16102,4,Y,No,11,3,3,80,1,23,4,3,0,0,0,0
27,Yes,Travel_Rarely,924,Research & Development,2,2,Medical,1,425,3,Female,87,3,5,Research Director,2,Married,12378,12412,1,Y,No,12,3,3,80,0,7,1,3,0,0,0,0
37,No,Travel_Rarely,363,Research & Development,25,2,Other,1,426,3,Male,91,2,2,Manager,3,Married,5850,18968,3,Y,No,17,4,2,80,0,14,1,2,5,1,2,1
34,No,Travel_Frequently,916,Sales,8,3,Other,1,427,4,Female,56,2,1,Manager,2,Married,4949,19168,4,Y,No,14,3,2,80,0,13,2,2,2,1,1,1
47,No,Travel_Frequently,1265,Research & Development,1,1,Other,1,428,2,Male,91,3,2,Healthcare Representative,4,Married,8309,3400,1,Y,Yes,11,4,3,80,1,25,4,2,6,5,0,3
27,No,Travel_Rarely,1414,Research & Development,2,2,Other,1,429,1,Female,79,3,5,Laboratory Technician,4,Single,13782,6193,3,Y,No,12,3,3,80,0,4,1,3,4,1,1,2
29,No,Travel_Rarely,1402,Sales,1,3,Medical,1,430,2,Female,71,1,3,Sales Executive,2,Married,7819,6755,2,Y,No,11,3,4,80,3,7,1,4,0,0,0,0
36,Yes,Travel_Frequently,1157,Research & Development,1,1,Medical,1,431,4,Male,46,3,3,Laboratory Technician,1,Married,11060,4947,3,Y,Yes,11,3,3,80,0,16,2,4,1,0,0,0
49,No,Travel_Frequently,1171,Sales,18,1,Marketing,1,432,1,Male,87,3,3,Sales Executive,4,Married,10611,10660,0,Y,No,14,3,4,80,1,27,0,3,1,0,0,0
40,No,Travel_Rarely,1333,Sales,4,3,Marketing,1,433,4,Female,30,2,1,Sales Executive,3,Married,6102,9621,3,Y,No,19,3,4,80,2,19,4,3,3,2,0,1
24,No,Travel_Frequently,491,Research & Development,7,3,Other,1,434,3,Male,82,2,3,Research Director,2,Single,9995,23465,4,Y,No,18,4,1,80,0,4,2,3,2,1,1,1
47,No,Travel_Frequently,1309,Research & Development,1,3,Technical Degree,1,435,4,Female,92,3,2,Manager,1,Single,7008,14321,1,Y,No,14,3,4,80,0,26,4,3,3,2,1,0
41,No,Travel_Rarely,669,Research & Development,26,2,Life Sciences,1,436,1,Male,97,2,2,Research Scientist,4,Single,4937,5153,1,Y,No,11,3,4,80,0,19,6,3,13,12,0,5
41,No,Travel_Rarely,729,Sales,1,2,Life Sciences,1,437,2,Female,76,3,2,Sales Representative,4,Married,8392,18567,4,Y,No,21,3,3,80,0,20,5,3,5,1,1,4
39,No,Travel_Rarely,1279,Sales,1,4,Other,1,438,4,Male,57,2,3,Manager,4,Single,9779,17586,3,Y,No,12,3,3,80,1,18,2,3,3,1,0,2
47,No,Travel_Rarely,466,Research & Development,1,2,Life Sciences,1,439,1,Male,73,3,3,Research Scientist,2,Married,10632,26640,5,Y,Yes,15,3,1,80,1,25,5,4,5,1,1,2
38,No,Travel_Rarely,470,Research & Development,3,4,Other,1,440,3,Female,91,2,4,Laboratory Technician,2,Divorced,11882,14475,0,Y,Yes,14,3,3,80,0,18,2,3,0,0,0,0
41,No,Travel_Rarely,678,Research & Development,17,1,Life Sciences,1,441,4,Female,31,3,5,Manufacturing Director,3,Single,12600,2782,2,Y,No,11,4,2,80,0,19,0,2,2,1,0,0
52,No,Travel_Rarely,938,Sales,1,3,Other,1,442,2,Male,88,3,3,Sales Executive,4,Single,10417,13029,3,Y,No,13,4,1,80,1,30,1,3,1,0,0,0
48,Yes,Travel_Rarely,1110,Sales,4,2,Other,1,443,1,Male,81,3,2,Manager,4,Married,6784,4351,4,Y,No,11,3,4,80,3,27,5,4,4,1,0,2
48,No,Travel_Frequently,372,Research & Development,4,2,Technical Degree,1,444,4,Male,93,3,1,Manager,3,Divorced,5362,11409,1,Y,No,17,4,2,80,2,28,2,3,2,1,0,1
25,No,Travel_Rarely,1173,Sales,3,3,Life Sciences,1,445,3,Male,43,3,1,Sales Executive,1,Married,4419,15592,2,Y,Yes,12,3,2,80,1,3,2,2,0,0,0,0
20,No,Travel_Rarely,1138,Sales,6,3,Other,1,446,4,Male,84,1,2,Sales Executive,3,Single,5572,3973,2,Y,No,11,3,4,80,1,0,3,3,1,0,0,0
37,Yes,Travel_Frequently,609,Research & Development,11,3,Other,1,447,3,Male,51,1,5,Healthcare Representative,2,Married,14231,24975,4,Y,No,13,4,3,80,0,17,1,3,1,0,0,0
27,No,Travel_Rarely,373,Research & Development,1,3,Technical Degree,1,448,1,Female,64,3,2,Laboratory Technician,4,Married,5246,15825,5,Y,No,13,3,4,80,0,6,2,4,3,2,1,1
34,No,Travel_Frequently,1307,Human Resources,2,3,Human Resources,1,449,2,Male,70,2,1,Human Resources,4,Divorced,4455,15878,0,Y,No,13,3,3,80,2,13,2,3,5,4,0,3
35,No,Travel_Frequently,1001,Research & Development,23,3,Technical Degree,1,450,4,Female,72,3,2,Healthcare Representative,2,Married,7807,7574,1,Y,No,13,3,4,80,0,14,1,3,3,1,0,1
40,No,Travel_Rarely,960,Sales,1,2,Life Sciences,1,451,3,Male,51,3,4,Manager,4,Divorced,12698,13347,3,Y,No,17,3,2,80,1,19,2,3,6,3,2,3
21,No,Travel_Rarely,1393,Research & Development,8,4,Other,1,452,3,Female,51,3,1,Manager,3,Married,4755,5558,3,Y,No,17,4,4,80,1,0,4,2,1,0,0,0
45,No,Travel_Rarely,1202,Sales,2,2,Marketing,1,453,1,Male,79,3,5,Sales Executive,3,Married,14690,14871,3,Y,No,14,3,4,80,1,24,2,3,24,10,1,8
52,No,Travel_Rarely,310,Research & Development,15,3,Technical Degree,1,454,2,Male,94,2,5,Laboratory Technician,2,Single,16253,3985,2,Y,Yes,11,3,3,80,1,31,1,3,0,0,0,0
42,No,Travel_Frequently,1172,Research & Development,1,1,Other,1,455,3,Male,38,3,2,Research Director,3,Married,7325,6319,4,Y,No,14,3,3,80,2,20,2,3,3,2,1,1
41,No,Travel_Rarely,798,Sales,16,4,Life Sciences,1,456,4,Male,87,2,5,Sales Executive,1,Divorced,13743,20668,5,Y,No,19,3,2,80,0,20,1,3,14,7,3,11
40,No,Travel_Rarely,347,Sales,3,4,Medical,1,457,4,Male,64,3,3,Manager,1,Married,10766,9976,3,Y,No,16,3,1,80,0,18,4,3,4,1,0,2
38,No,Travel_Rarely,1361,Research & Development,5,3,Medical,1,458,3,Female,64,1,4,Research Scientist,4,Divorced,9906,21588,1,Y,Yes,13,3,2,80,2,15,3,3,7,5,1,2
43,No,Travel_Rarely,145,Sales,8,3,Life Sciences,1,459,4,Male,85,3,2,Sales Executive,2,Single,9101,18615,2,Y,No,17,3,1,80,3,22,5,3,5,3,0,4
34,No,Travel_Frequently,735,Research & Development,1,2,Medical,1,460,1,Female,36,4,3,Manufacturing Director,3,Married,9121,23737,3,Y,No,15,3,2,80,1,11,1,2,10,6,2,9
52,No,Travel_Frequently,915,Research & Development,1,4,Technical Degree,1,461,1,Male,83,2,4,Research Director,3,Married,13014,17178,1,Y,No,17,3,2,80,2,30,3,3,6,2,2,4
27,Yes,Travel_Rarely,1365,Research & Development,25,3,Medical,1,462,1,Male,80,3,3,Research Scientist,3,Married,9723,11709,2,Y,No,17,3,1,80,0,7,5,3,7,4,1,4
18,Yes,Travel_Rarely,346,Research & Development,3,3,Technical Degree,1,463,4,Female,32,3,3,Laboratory Technician,1,Divorced,7712,24979,3,Y,No,17,4,1,80,1,0,5,3,1,0,0,0
44,No,Travel_Rarely,741,Research & Development,8,4,Technical Degree,1,464,3,Male,31,3,2,Manufacturing Director,3,Single,6514,2247,4,Y,No,18,3,4,80,0,21,0,4,7,3,3,5
35,Yes,Travel_Rarely,1176,Sales,12,1,Life Sciences,1,465,3,Male,32,3,2,Manager,1,Married,7140,4319,3,Y,No,11,3,1,80,1,13,1,2,1,0,0,0
49,No,Travel_Rarely,190,Research & Development,1,3,Technical Degree,1,466,4,Male,63,2,2,Laboratory Technician,4,Married,8956,21028,2,Y,No,15,3,1,80,0,29,2,3,1,0,0,0
43,No,Travel_Rarely,1465,Research & Development,3,2,Other,1,467,3,Male,83,3,2,Manager,3,Single,5698,19867,4,Y,No,11,3,1,80,3,20,1,3,4,2,1,3
32,No,Travel_Rarely,711,Sales,1,2,Other,1,468,3,Male,37,3,3,Sales Representative,3,Married,8390,19477,5,Y,No,15,3,2,80,0,9,4,3,1,0,0,0
35,Yes,Travel_Rarely,474,Research & Development,2,3,Other,1,469,1,Female,50,3,2,Research Scientist,2,Married,4967,26455,4,Y,Yes,13,3,4,80,0,15,3,3,11,4,6,3
30,Yes,Travel_Frequently,1255,Sales,11,5,Life Sciences,1,470,3,Female,46,2,2,Sales Executive,2,Married,5468,11669,2,Y,No,18,4,4,80,1,10,4,4,1,0,0,0
43,No,Travel_Rarely,1005,Human Resources,3,2,Life Sciences,1,471,1,Female,48,3,3,Human Resources,3,Divorced,10250,25165,2,Y,No,13,3,4,80,1,20,4,3,2,1,0,1
38,No,Travel_Rarely,1453,Research & Development,1,3,Other,1,472,4,Male,32,1,4,Research Scientist,3,Married,10519,20335,2,Y,No,15,3,2,80,3,15,3,3,0,0,0,0
45,No,Travel_Rarely,1395,Research & Development,3,2,Medical,1,473,1,Male,75,1,2,Research Director,2,Single,8039,7297,8,Y,Yes,11,3,1,80,0,25,4,2,25,13,6,21
43,No,Travel_Rarely,250,Sales,5,4,Medical,1,474,3,Male,95,3,5,Sales Representative,2,Single,14480,11989,1,Y,No,15,3,1,80,1,23,2,2,5,3,1,3
26,Yes,Travel_Rarely,489,Human Resources,1,4,Human Resources,1,475,3,Male,55,1,2,Human Resources,1,Single,6091,22129,3,Y,No,11,3,1,80,1,4,3,3,4,3,2,3
44,No,Travel_Frequently,939,Research & Development,14,2,Medical,1,476,4,Female,66,1,3,Manager,2,Married,9905,18914,1,Y,No,15,3,3,80,0,23,5,3,7,3,3,4
36,No,Travel_Rarely,388,Research & Development,1,3,Medical,1,477,1,Female,94,2,3,Healthcare Representative,1,Married,7794,11745,3,Y,No,15,4,4,80,1,13,1,3,1,0,0,0
34,No,Travel_Rarely,532,Research & Development,1,2,Technical Degree,1,478,4,Female,30,2,1,Manager,4,Married,5304,12250,0,Y,No,13,3,1,80,1,13,6,3,3,2,0,1
37,No,Travel_Rarely,966,Sales,15,3,Medical,1,479,3,Male,57,2,2,Manager,4,Divorced,7947,23263,2,Y,Yes,13,3,3,80,0,15,1,2,7,6,1,2
50,No,Travel_Rarely,266,Research & Development,10,2,Life Sciences,1,480,2,Male,42,1,1,Research Scientist,3,Divorced,4939,14093,6,Y,No,11,3,4,80,1,28,2,3,6,4,0,4
48,No,Travel_Rarely,673,Research & Development,11,3,Medical,1,481,1,Female,75,3,3,Manufacturing Director,4,Single,10543,23537,3,Y,No,17,3,2,80,0,28,4,3,1,0,0,0
33,No,Travel_Frequently,1135,Sales,4,3,Marketing,1,482,3,Female,65,2,3,Manager,1,Divorced,7880,11885,3,Y,Yes,17,3,1,80,0,13,4,3,6,2,0,3
45,No,Travel_Rarely,1484,Sales,2,4,Life Sciences,1,483,4,Male,62,3,3,Sales Executive,4,Married,10302,4956,2,Y,Yes,11,3,3,80,1,24,4,2,0,0,0,0
40,Yes,Travel_Rarely,404,Sales,1,3,Life Sciences,1,484,1,Male,30,2,3,Sales Representative,1,Single,10047,21930,3,Y,No,14,3,2,80,2,17,2,4,6,5,0,3
32,No,Travel_Frequently,913,Research & Development,4,2,Medical,1,485,3,Male,62,3,1,Research Director,2,Divorced,4235,17617,2,Y,No,18,3,2,80,1,9,2,3,5,3,2,4
34,No,Non-Travel,1406,Sales,10,3,Life Sciences,1,486,3,Male,63,3,2,Sales Executive,1,Married,5510,25657,2,Y,No,15,4,1,80,0,13,3,3,0,0,0,0
42,No,Travel_Rarely,485,Research & Development,2,1,Technical Degree,1,487,1,Male,33,2,2,Research Director,3,Married,7827,22501,2,Y,No,21,3,4,80,1,21,3,2,0,0,0,0
44,No,Travel_Rarely,1318,Research & Development,9,4,Other,1,488,4,Female,51,2,3,Research Scientist,4,Married,9223,24252,1,Y,Yes,24,3,3,80,2,23,1,1,12,4,2,11
33,No,Travel_Rarely,1400,Research & Development,1,2,Technical Degree,1,489,2,Female,55,4,5,Research Scientist,2,Single,12642,21022,3,Y,No,15,3,3,80,0,11,2,2,5,4,2,3
30,No,Travel_Frequently,1418,Sales,7,2,Life Sciences,1,490,4,Male,42,3,2,Manager,1,Married,6364,15606,4,Y,No,12,4,2,80,0,7,2,3,7,3,3,6
44,No,Travel_Frequently,1236,Research & Development,4,2,Medical,1,491,4,Male,50,3,2,Healthcare Representative,3,Single,7655,7854,3,Y,No,12,3,3,80,1,24,3,3,2,1,0,1
24,Yes,Non-Travel,734,Research & Development,13,2,Technical Degree,1,492,3,Male,99,3,1,Healthcare Representative,3,Married,4845,13667,0,Y,No,16,3,4,80,0,1,4,3,1,0,0,0
20,Yes,Travel_Rarely,800,Research & Development,1,3,Life Sciences,1,493,2,Female,59,3,1,Manufacturing Director,2,Single,4546,12392,2,Y,No,11,3,2,80,0,0,1,3,0,0,0,0
47,No,Travel_Rarely,1387,Sales,15,2,Medical,1,494,2,Female,82,2,3,Sales Executive,3,Divorced,10216,14811,1,Y,Yes,15,3,4,80,1,27,3,3,3,1,1,2
35,No,Travel_Rarely,979,Research & Development,1,2,Other,1,495,4,Male,73,3,4,Manufacturing Director,3,Divorced,11484,17306,4,Y,No,20,3,2,80,0,15,2,3,11,3,4,3
32,Yes,Travel_Rarely,1100,Sales,9,1,Medical,1,496,4,Male,74,2,2,Manager,2,Single,5900,25415,3,Y,No,20,3,4,80,0,9,0,2,1,0,0,0
26,No,Travel_Rarely,786,Research & Development,6,2,Life Sciences,1,497,4,Male,80,2,1,Manufacturing Director,1,Single,3952,6482,2,Y,Yes,13,3,1,80,1,6,3,3,5,3,2,3
37,No,Travel_Rarely,833,Research & Development,7,3,Life Sciences,1,498,1,Male,46,3,3,Research Scientist,1,Married,9475,20255,7,Y,No,15,3,2,80,1,16,3,3,4,2,0,3
48,No,Travel_Rarely,309,Sales,12,3,Marketing,1,499,4,Female,33,1,4,Sales Executive,2,Divorced,10977,7119,1,Y,No,16,3,3,80,3,27,6,1,5,4,0,4
34,Yes,Travel_Rarely,827,Human Resources,4,3,Other,1,500,1,Male,57,3,5,Human Resources,3,Divorced,12371,7819,4,Y,Yes,17,3,4,80,0,14,3,3,7,2,3,3
36,No,Non-Travel,1443,Research & Development,2,3,Technical Degree,1,501,2,Male,86,3,3,Healthcare Representative,4,Divorced,9178,14220,2,Y,No,14,3,4,80,0,13,5,3,0,0,0,0
34,No,Travel_Rarely,1457,Research & Development,3,3,Technical Degree,1,502,4,Male,37,2,5,Manufacturing Director,4,Divorced,13836,24838,2,Y,Yes,12,3,2,80,0,14,4,3,5,3,0,2
33,No,Travel_Rarely,1215,Research & Development,5,3,Life Sciences,1,503,3,Male,60,3,4,Healthcare Representative,2,Married,10104,25639,3,Y,No,16,3,3,80,0,10,5,3,8,3,4,5
39,No,Travel_Rarely,786,Research & Development,22,3,Medical,1,504,4,Female,94,4,3,Manufacturing Director,4,Divorced,9855,9611,2,Y,No,17,3,2,80,2,16,6,3,3,1,1,1
39,No,Non-Travel,1071,Sales,3,1,Marketing,1,505,2,Female,82,3,1,Sales Representative,2,Married,5078,12020,1,Y,No,16,3,4,80,3,17,4,3,5,3,1,2
44,No,Travel_Rarely,1417,Research & Development,3,2,Medical,1,506,4,Male,67,2,3,Research Director,3,Married,10248,16345,4,Y,No,18,3,4,80,0,24,1,3,0,0,0,0
33,Yes,Travel_Rarely,669,Sales,1,4,Marketing,1,507,1,Male,46,3,5,Manager,4,Married,11813,7819,2,Y,No,14,3,4,80,2,11,0,3,1,0,0,0
27,No,Non-Travel,834,Research & Development,20,3,Medical,1,508,3,Male,54,2,5,Research Scientist,4,Single,15008,10798,3,Y,No,13,3,2,80,0,4,2,3,4,2,1,2
44,No,Travel_Rarely,312,Research & Development,4,1,Technical Degree,1,509,3,Male,84,1,1,Laboratory Technician,4,Divorced,4716,26319,2,Y,No,12,3,1,80,0,22,3,4,4,3,2,3
38,No,Travel_Rarely,776,Research & Development,1,1,Other,1,510,4,Female,86,3,2,Manufacturing Director,4,Married,8705,6380,3,Y,No,11,3,4,80,1,17,4,3,17,8,0,5
58,No,Travel_Frequently,139,Research & Development,1,1,Technical Degree,1,511,3,Male,57,3,5,Research Director,4,Married,14418,18509,2,Y,No,15,4,4,80,2,38,3,2,2,0,0,1
40,No,Travel_Rarely,1261,Sales,1,4,Life Sciences,1,512,4,Female,91,2,2,Manager,2,Married,7169,7615,2,Y,No,18,3,3,80,1,19,2,3,0,0,0,0
32,No,Travel_Rarely,636,Research & Development,3,3,Technical Degree,1,513,2,Female,43,3,4,Laboratory Technician,1,Married,9565,25394,1,Y,No,20,3,4,80,1,10,1,2,2,0,1,1
33,No,Travel_Rarely,1073,Sales,20,2,Other,1,514,1,Male,74,3,2,Manager,3,Married,7770,25979,2,Y,Yes,11,3,3,80,1,11,3,1,0,0,0,0
45,No,Travel_Rarely,216,Sales,1,3,Medical,1,515,4,Male,90,1,2,Sales Executive,4,Divorced,6914,3058,2,Y,No,11,4,1,80,1,25,2,3,5,1,0,4
26,No,Travel_Rarely,1383,Research & Development,3,3,Other,1,516,3,Male,71,2,2,Manager,1,Married,6723,18508,2,Y,No,11,3,3,80,3,4,0,4,4,1,0,2
43,No,Travel_Rarely,1421,Sales,22,1,Other,1,517,3,Female,60,3,3,Manager,3,Single,9740,26168,2,Y,No,15,3,3,80,1,20,6,2,6,5,1,5
54,No,Travel_Rarely,996,Sales,5,4,Other,1,518,3,Male,51,3,2,Manager,4,Married,7527,16722,4,Y,No,18,3,2,80,1,32,1,3,5,4,0,4
25,Yes,Travel_Rarely,305,Sales,9,4,Marketing,1,519,1,Male,60,3,1,Manager,3,Single,3814,12830,3,Y,Yes,14,3,1,80,2,3,3,3,0,0,0,0
33,No,Non-Travel,827,Research & Development,1,5,Life Sciences,1,520,2,Male,48,3,4,Manager,4,Single,11205,20194,4,Y,No,16,3,1,80,0,12,6,3,6,5,0,4
18,No,Travel_Frequently,864,Research & Development,29,3,Life Sciences,1,521,2,Male,86,3,2,Manager,3,Divorced,4324,8584,4,Y,No,16,3,4,80,0,0,6,3,1,0,0,0
52,Yes,Travel_Frequently,442,Research & Development,9,1,Medical,1,522,1,Male,52,3,3,Research Director,2,Single,10435,9614,6,Y,Yes,13,3,4,80,1,29,4,3,3,2,0,0
35,No,Travel_Rarely,1429,Sales,6,3,Other,1,523,4,Male,37,3,3,Sales Executive,1,Married,8572,8884,4,Y,No,15,4,3,80,2,12,0,3,2,1,0,1
45,No,Travel_Frequently,445,Human Resources,1,2,Life Sciences,1,524,4,Female,70,2,4,Manager,3,Divorced,10882,23758,1,Y,No,14,3,1,80,0,23,6,2,1,0,0,0
34,No,Travel_Rarely,575,Research & Development,5,4,Other,1,525,1,Female,74,3,1,Manufacturing Director,2,Married,5910,10166,3,Y,No,11,3,4,80,1,13,5,2,1,0,0,0
48,No,Travel_Rarely,1375,Human Resources,28,3,Other,1,526,3,Female,41,2,1,Human Resources,1,Single,6388,20348,2,Y,No,13,4,2,80,2,26,5,4,1,0,0,0
49,No,Travel_Rarely,793,Research & Development,9,2,Medical,1,527,1,Female,41,3,2,Laboratory Technician,4,Single,7279,6261,4,Y,No,17,3,4,80,0,28,4,2,1,0,0,0
33,No,Travel_Frequently,1299,Sales,1,4,Other,1,528,1,Female,56,2,2,Manager,3,Married,7255,20039,1,Y,No,14,3,2,80,1,11,4,3,2,1,0,1
35,Yes,Non-Travel,362,Sales,4,2,Other,1,529,1,Male,89,3,3,Sales Executive,1,Married,8634,14550,3,Y,Yes,17,3,4,80,0,12,5,3,11,7,4,9
51,No,Travel_Rarely,465,Research & Development,4,3,Other,1,530,3,Male,83,2,3,Manager,3,Married,9618,11267,1,Y,No,14,3,1,80,2,29,5,3,1,0,0,0
47,No,Travel_Rarely,382,Sales,1,1,Marketing,1,531,4,Male,59,3,3,Sales Representative,4,Single,9555,12252,3,Y,Yes,11,3,3,80,0,24,5,3,4,2,1,1
38,No,Travel_Rarely,677,Sales,4,3,Medical,1,532,3,Male,77,4,4,Manager,3,Divorced,11669,16720,4,Y,No,19,3,4,80,3,15,3,3,3,1,0,2
30,No,Travel_Rarely,444,Research & Development,6,4,Life Sciences,1,533,3,Male,58,2,2,Research Scientist,4,Divorced,5779,14022,3,Y,No,11,3,1,80,0,7,5,4,3,2,1,2
23,Yes,Travel_Rarely,1111,Research & Development,1,5,Technical Degree,1,534,1,Male,74,3,5,Laboratory Technician,3,Single,11563,20748,3,Y,No,15,3,4,80,1,2,3,3,0,0,0,0
35,No,Travel_Rarely,770,Research & Development,2,4,Technical Degree,1,535,4,Male,99,3,5,Manufacturing Director,2,Married,13817,17562,0,Y,No,13,3,4,80,1,12,3,3,2,1,1,0
18,No,Travel_Frequently,344,Sales,14,2,Medical,1,536,4,Female,46,2,3,Manager,4,Single,6421,7679,4,Y,No,20,3,1,80,1,0,1,3,1,0,0,0
33,Yes,Travel_Frequently,700,Research & Development,9,3,Life Sciences,1,537,1,Male,31,3,4,Manufacturing Director,1,Married,11006,5120,3,Y,Yes,13,4,2,80,0,10,2,2,4,3,0,1
45,Yes,Travel_Rarely,306,Research & Development,4,3,Life Sciences,1,538,1,Female,55,4,4,Healthcare Representative,1,Married,12847,25804,2,Y,No,17,4,4,80,0,23,5,3,1,0,0,0
21,No,Travel_Frequently,1099,Sales,4,3,Medical,1,539,4,Male,31,2,1,Sales Representative,4,Single,3741,13745,4,Y,No,13,4,1,80,1,0,5,1,1,0,0,0
38,No,Travel_Rarely,1400,Sales,3,3,Life Sciences,1,540,3,Male,31,2,5,Manager,4,Married,14471,13197,3,Y,No,13,3,2,80,0,18,0,2,2,0,0,1
35,Yes,Travel_Rarely,1386,Research & Development,10,3,Medical,1,541,1,Male,32,3,2,Manager,4,Married,6476,10697,2,Y,No,18,3,3,80,0,12,6,3,0,0,0,0
24,No,Travel_Rarely,217,Sales,8,5,Marketing,1,542,4,Male,44,3,4,Sales Executive,4,Married,9383,19941,3,Y,No,11,4,1,80,2,2,6,2,2,1,0,0
38,No,Travel_Frequently,763,Sales,29,5,Life Sciences,1,543,2,Female,91,3,4,Manager,2,Single,11700,8471,7,Y,No,15,3,3,80,0,18,2,3,3,2,1,2
44,No,Travel_Rarely,1159,Research & Development,18,2,Life Sciences,1,544,3,Male,79,1,3,Manufacturing Director,1,Married,9498,10327,4,Y,No,20,3,2,80,2,23,3,3,2,1,0,1
34,No,Travel_Frequently,694,Research & Development,2,2,Technical Degree,1,545,2,Male,52,3,2,Manufacturing Director,1,Married,4475,10988,2,Y,No,14,3,4,80,1,12,1,3,6,2,3,4
44,Yes,Travel_Rarely,931,Sales,15,2,Other,1,546,4,Female,44,2,4,Manager,1,Married,12314,10082,4,Y,Yes,11,3,3,80,1,23,6,3,0,0,0,0
20,No,Travel_Rarely,929,Research & Development,15,2,Technical Degree,1,547,2,Female,96,3,5,Manufacturing Director,4,Married,12003,6816,2,Y,No,20,3,3,80,0,0,1,2,1,0,0,0
43,No,Travel_Rarely,1189,Research & Development,11,3,Technical Degree,1,548,3,Male,82,2,2,Research Scientist,4,Divorced,6845,13886,4,Y,Yes,11,3,3,80,2,22,5,3,4,2,0,3
48,No,Travel_Rarely,851,Research & Development,8,2,Life Sciences,1,549,2,Male,68,2,2,Laboratory Technician,4,Single,7889,21688,1,Y,No,14,4,2,80,0,27,3,3,3,2,1,1
30,No,Travel_Frequently,290,Sales,20,4,Life Sciences,1,550,4,Male,41,3,2,Manager,2,Married,6581,4040,3,Y,No,18,4,3,80,1,7,4,3,0,0,0,0
35,No,Travel_Rarely,679,Research & Development,17,3,Medical,1,551,4,Male,82,2,5,Research Director,4,Divorced,13997,17186,1,Y,Yes,16,3,2,80,2,12,1,2,1,0,0,0
35,No,Travel_Rarely,622,Research & Development,15,1,Life Sciences,1,552,2,Female,99,3,1,Manufacturing Director,3,Married,5868,3289,3,Y,No,14,3,1,80,0,14,4,3,3,1,0,1
35,Yes,Travel_Rarely,731,Research & Development,11,3,Other,1,553,4,Male,30,3,4,Research Scientist,2,Married,10701,3838,3,Y,No,13,3,2,80,1,15,6,4,5,4,1,3
24,No,Travel_Rarely,196,Research & Development,1,3,Technical Degree,1,554,3,Male,70,2,1,Laboratory Technician,4,Single,3560,5585,0,Y,No,12,3,1,80,0,1,5,3,1,0,0,0
32,No,Travel_Rarely,920,Research & Development,5,4,Other,1,555,2,Female,95,2,2,Healthcare Representative,4,Married,6962,22669,3,Y,No,13,3,4,80,0,9,4,3,7,2,3,2
33,No,Travel_Rarely,868,Sales,11,1,Other,1,556,4,Female,83,3,4,Sales Executive,2,Single,10807,12576,2,Y,No,12,3,3,80,2,11,3,2,1,0,0,0
43,No,Non-Travel,196,Research & Development,4,3,Life Sciences,1,557,2,Male,40,3,2,Research Director,2,Married,8278,15250,2,Y,No,13,3,4,80,0,23,3,4,3,1,0,2
27,No,Travel_Rarely,1187,Research & Development,4,1,Medical,1,558,4,Male,74,3,5,Research Director,2,Married,12359,4337,2,Y,Yes,16,3,1,80,2,4,3,2,4,3,0,2
27,No,Travel_Frequently,1473,Research & Development,16,3,Technical Degree,1,559,3,Female,85,2,3,Research Director,3,Married,10184,5340,6,Y,No,15,3,2,80,0,5,4,1,5,3,1,3
52,No,Travel_Rarely,894,Sales,9,4,Marketing,1,560,4,Female,51,2,4,Manager,4,Divorced,12127,21285,1,Y,No,11,3,4,80,1,31,3,1,4,1,2,3
45,No,Travel_Frequently,440,Research & Development,5,5,Technical Degree,1,561,1,Male,80,2,1,Manager,3,Married,6180,17935,2,Y,No,15,3,3,80,1,25,1,3,11,8,3,9
47,No,Travel_Frequently,407,Research & Development,3,3,Life Sciences,1,562,3,Female,84,4,3,Manager,2,Married,10118,10673,4,Y,Yes,11,4,4,80,0,24,3,1,10,5,5,9
35,No,Travel_Frequently,462,Sales,1,2,Marketing,1,563,4,Male,91,2,3,Manager,1,Single,9254,19275,1,Y,No,18,3,1,80,2,12,1,3,2,1,0,1
42,No,Travel_Rarely,1043,Research & Development,4,1,Medical,1,564,2,Female,40,3,3,Manufacturing Director,3,Married,8359,8105,0,Y,No,16,3,4,80,0,21,0,3,3,2,1,2
42,No,Travel_Frequently,932,Sales,1,2,Other,1,565,1,Male,53,2,4,Sales Executive,1,Married,12538,9600,1,Y,No,14,4,3,80,2,21,1,3,3,2,0,2
40,Yes,Travel_Frequently,345,Sales,2,4,Other,1,566,1,Male,87,3,2,Sales Representative,1,Married,6959,5106,4,Y,No,13,3,3,80,0,17,1,3,6,4,2,3
40,No,Travel_Rarely,1422,Research & Development,18,3,Life Sciences,1,567,4,Female,71,1,3,Research Director,4,Married,8691,17784,1,Y,No,17,3,4,80,0,20,2,1,3,1,0,2
42,No,Travel_Frequently,474,Human Resources,9,4,Life Sciences,1,568,2,Male,37,1,5,Manager,4,Married,14184,3930,0,Y,No,18,3,4,80,1,20,4,2,12,4,4,8
23,No,Travel_Rarely,394,Sales,5,3,Medical,1,569,4,Female,44,3,3,Sales Representative,3,Single,8372,13270,2,Y,Yes,16,3,1,80,1,0,2,1,1,0,0,0
29,No,Travel_Rarely,1472,Sales,3,1,Marketing,1,570,3,Male,54,2,3,Manager,1,Married,7800,14116,4,Y,Yes,11,3,2,80,0,7,2,4,6,3,0,3
38,No,Travel_Frequently,625,Sales,1,3,Other,1,571,3,Male,74,3,4,Sales Executive,1,Divorced,10163,17231,1,Y,No,16,3,4,80,1,17,4,3,4,1,0,2
42,No,Travel_Rarely,216,Research & Development,1,3,Life Sciences,1,572,1,Male,53,3,4,Research Director,2,Married,12914,4228,5,Y,No,15,3,1,80,2,22,6,3,7,5,0,2
56,No,Travel_Frequently,223,Research & Development,12,4,Medical,1,573,4,Male,64,2,2,Laboratory Technician,4,Married,6801,17766,0,Y,No,14,3,1,80,0,35,2,2,9,5,0,4
30,Yes,Travel_Rarely,456,Sales,3,3,Medical,1,574,3,Male,50,3,4,Manager,1,Married,11554,24831,1,Y,Yes,12,3,4,80,0,9,2,3,0,0,0,0
38,No,Non-Travel,1034,Sales,3,2,Other,1,575,1,Male,43,2,1,Sales Executive,2,Married,4632,5012,6,Y,No,15,3,1,80,1,17,3,3,10,9,3,7
56,No,Non-Travel,445,Research & Development,3,2,Other,1,576,1,Male,68,3,2,Research Scientist,3,Married,7984,8435,2,Y,No,13,3,2,80,2,33,4,3,9,6,1,6
18,No,Travel_Rarely,866,Sales,4,2,Medical,1,577,4,Male,83,3,2,Sales Representative,3,Single,6498,22426,8,Y,No,16,3,2,80,1,0,1,1,1,0,0,0
23,Yes,Travel_Rarely,633,Sales,4,2,Marketing,1,578,3,Male,82,3,2,Sales Executive,4,Single,6021,13051,4,Y,No,18,3,4,80,0,2,4,4,2,0,1,0
44,No,Travel_Rarely,1371,Research & Development,29,3,Life Sciences,1,579,4,Male,44,3,4,Research Director,4,Divorced,12753,19487,1,Y,No,21,3,2,80,2,21,3,4,0,0,0,0
43,No,Travel_Rarely,1335,Research & Development,3,4,Other,1,580,4,Female,40,3,3,Healthcare Representative,1,Single,9677,20776,1,Y,No,11,3,2,80,2,21,2,3,1,0,0,0
32,No,Travel_Rarely,892,Research & Development,15,1,Life Sciences,1,581,3,Female,36,3,2,Manufacturing Director,4,Single,7642,22782,5,Y,No,11,4,4,80,0,10,5,2,4,3,0,2
43,No,Travel_Rarely,587,Research & Development,4,3,Medical,1,582,1,Male,97,4,1,Research Director,4,Divorced,6141,14440,3,Y,No,17,3,4,80,2,22,2,4,2,1,0,1
46,No,Non-Travel,869,Research & Development,1,4,Life Sciences,1,583,2,Male,85,1,4,Laboratory Technician,2,Single,10326,2739,3,Y,No,18,3,3,80,0,24,5,1,6,5,0,5
45,No,Travel_Rarely,215,Research & Development,11,3,Technical Degree,1,584,1,Male,76,1,3,Research Scientist,4,Married,11098,2364,1,Y,Yes,19,4,4,80,2,25,2,3,0,0,0,0
33,No,Travel_Rarely,1172,Research & Development,10,4,Technical Degree,1,585,4,Male,54,2,3,Research Scientist,2,Divorced,8481,5590,2,Y,No,19,4,4,80,1,10,5,3,8,6,0,3
31,No,Travel_Rarely,231,Research & Development,27,5,Other,1,586,1,Male,99,4,3,Manufacturing Director,4,Single,10612,22192,3,Y,No,15,3,3,80,0,9,1,3,2,0,0,1
20,No,Non-Travel,776,Research & Development,29,5,Medical,1,587,3,Male,54,3,2,Research Scientist,3,Divorced,6459,15662,3,Y,No,16,3,4,80,1,0,3,3,1,0,0,0
37,No,Non-Travel,1205,Research & Development,1,1,Medical,1,588,3,Female,41,2,2,Laboratory Technician,3,Married,6220,16829,1,Y,No,20,3,1,80,0,14,1,3,1,0,0,0
32,No,Travel_Rarely,787,Sales,8,4,Other,1,589,2,Male,73,3,2,Sales Representative,1,Divorced,6335,11248,3,Y,No,11,3,1,80,2,10,4,3,10,4,2,7
29,No,Travel_Rarely,1000,Sales,1,3,Marketing,1,590,1,Male,58,3,1,Sales Representative,3,Married,3944,16172,1,Y,Yes,15,4,3,80,1,6,4,3,4,2,2,2
21,No,Travel_Rarely,1189,Sales,2,4,Medical,1,591,3,Male,76,3,2,Sales Representative,4,Single,6630,13124,3,Y,Yes,13,4,2,80,1,0,1,3,0,0,0,0
53,No,Travel_Frequently,1343,Research & Development,11,5,Medical,1,592,4,Female,79,2,1,Manufacturing Director,1,Married,5544,18129,2,Y,No,17,3,4,80,1,31,6,3,3,1,1,2
39,No,Travel_Rarely,644,Research & Development,1,3,Technical Degree,1,593,2,Female,90,4,2,Research Director,4,Married,7790,22343,3,Y,No,11,3,1,80,0,16,6,2,1,0,0,0
27,No,Travel_Frequently,997,Research & Development,4,3,Life Sciences,1,594,2,Male,63,3,5,Laboratory Technician,4,Divorced,12617,5067,2,Y,No,19,4,3,80,1,5,4,3,2,0,0,1
43,No,Travel_Frequently,463,Human Resources,4,3,Human Resources,1,595,2,Male,39,3,3,Human Resources,2,Married,10326,18532,2,Y,No,17,3,3,80,0,22,5,4,8,3,2,7
33,Yes,Travel_Frequently,790,Research & Development,3,4,Other,1,596,4,Male,31,2,3,Manager,4,Single,8464,15733,2,Y,No,11,4,3,80,1,13,6,3,0,0,0,0
35,No,Travel_Frequently,1411,Research & Development,10,2,Technical Degree,1,597,4,Male,57,2,3,Research Director,2,Married,8956,26338,2,Y,No,11,3,1,80,1,12,3,3,1,0,0,0
40,Yes,Travel_Rarely,816,Research & Development,9,1,Technical Degree,1,598,4,Male,39,2,2,Manufacturing Director,3,Single,7909,22103,3,Y,No,14,3,3,80,2,17,6,1,0,0,0,0
24,No,Travel_Rarely,664,Sales,10,3,Other,1,599,3,Male,84,2,3,Manager,3,Single,6007,13819,2,Y,Yes,11,4,1,80,1,1,5,3,1,0,0,0
48,Yes,Travel_Rarely,340,Research & Development,22,4,Technical Degree,1,600,3,Male,57,3,2,Research Director,1,Married,8314,22771,0,Y,No,16,3,1,80,0,28,2,3,7,2,3,3
44,No,Travel_Rarely,1123,Research & Development,13,3,Technical Degree,1,601,3,Female,68,3,5,Research Scientist,3,Married,13352,6599,5,Y,No,17,3,3,80,0,21,2,3,13,9,2,12
45,No,Travel_Rarely,192,Research & Development,1,3,Life Sciences,1,602,2,Male,89,3,2,Research Director,1,Married,7312,9830,3,Y,No,18,3,1,80,0,25,4,3,4,1,0,2
43,No,Travel_Rarely,1053,Sales,1,2,Other,1,603,4,Male,71,3,1,Sales Representative,4,Divorced,4074,23743,2,Y,No,16,3,3,80,2,22,5,3,0,0,0,0
33,Yes,Travel_Rarely,1453,Research & Development,2,3,Medical,1,604,4,Male,59,3,1,Research Scientist,2,Single,4366,20746,3,Y,Yes,14,3,1,80,2,11,5,4,1,0,0,0
19,No,Travel_Rarely,740,Research & Development,12,1,Technical Degree,1,605,3,Male,84,3,3,Manager,3,Married,7796,11428,1,Y,No,12,4,2,80,2,0,2,3,1,0,0,0
43,No,Travel_Frequently,1083,Research & Development,4,4,Other,1,606,3,Female,84,2,1,Manufacturing Director,4,Divorced,6212,2643,3,Y,No,21,3,2,80,1,23,1,3,0,0,0,0
43,No,Travel_Rarely,1017,Sales,3,2,Medical,1,607,4,Male,34,3,4,Manager,2,Single,12253,8619,2,Y,No,11,3,1,80,1,21,2,3,1,0,0,0
40,No,Travel_Frequently,1330,Sales,1,2,Other,1,608,3,Male,40,3,5,Sales Representative,4,Married,14218,5253,7,Y,No,15,4,3,80,0,20,4,2,20,11,7,12
38,No,Travel_Frequently,376,Research & Development,5,3,Life Sciences,1,609,3,Male,66,3,3,Research Director,4,Single,9867,5016,0,Y,Yes,16,3,2,80,3,18,6,4,4,3,0,2
49,Yes,Travel_Rarely,276,Sales,12,3,Medical,1,610,1,Male,34,3,2,Sales Representative,2,Married,6823,20235,0,Y,Yes,16,3,3,80,3,26,2,2,5,2,0,1
36,No,Travel_Rarely,220,Research & Development,1,2,Technical Degree,1,611,1,Male,68,3,4,Research Director,3,Married,10714,2988,2,Y,Yes,20,3,4,80,0,15,3,3,0,0,0,0
40,No,Travel_Rarely,123,Research & Development,6,3,Medical,1,612,4,Male,65,3,5,Research Director,4,Married,14476,15434,2,Y,Yes,14,3,2,80,0,18,4,4,6,5,0,5
44,No,Travel_Frequently,758,Sales,8,3,Life Sciences,1,613,3,Female,61,1,1,Sales Representative,1,Divorced,3946,16684,1,Y,No,11,4,4,80,1,23,4,2,3,1,0,1
28,No,Travel_Frequently,634,Research & Development,5,3,Life Sciences,1,614,4,Male,37,2,4,Laboratory Technician,4,Single,11838,10605,2,Y,No,14,3,4,80,0,5,4,3,1,0,0,0
37,Yes,Travel_Rarely,1060,Sales,5,4,Other,1,615,4,Male,70,3,5,Manager,3,Single,14721,3810,1,Y,No,19,3,1,80,0,14,3,3,0,0,0,0
59,No,Travel_Rarely,1307,Sales,11,3,Medical,1,616,1,Male,56,3,2,Sales Executive,4,Married,8688,26178,2,Y,No,11,3,2,80,0,38,2,2,8,7,1,7
46,No,Travel_Rarely,683,Research & Development,5,4,Other,1,617,4,Male,81,3,2,Healthcare Representative,1,Single,8772,25345,3,Y,Yes,15,4,1,80,2,26,4,4,1,0,0,0
27,No,Travel_Rarely,381,Research & Development,4,4,Medical,1,618,4,Female,39,2,2,Research Director,4,Single,6038,19877,2,Y,No,17,4,2,80,2,6,2,2,2,1,0,1
45,No,Travel_Rarely,858,Research & Development,13,2,Life Sciences,1,619,2,Male,38,2,3,Healthcare Representative,4,Divorced,9641,23922,2,Y,No,13,3,1,80,1,24,3,3,1,0,0,0
42,No,Travel_Rarely,238,Sales,14,3,Other,1,620,1,Female,62,3,3,Manager,3,Divorced,10779,7880,4,Y,Yes,13,4,1,80,0,21,3,2,0,0,0,0
34,No,Travel_Frequently,756,Research & Development,1,3,Technical Degree,1,621,2,Female,48,2,2,Research Scientist,1,Single,6284,21047,3,Y,Yes,14,3,3,80,1,11,5,2,2,1,0,1
18,Yes,Travel_Frequently,1310,Research & Development,5,1,Other,1,622,3,Male,76,3,3,Healthcare Representative,1,Married,7163,15899,5,Y,No,15,3,4,80,0,0,4,3,1,0,0,0
33,No,Travel_Rarely,817,Sales,9,3,Other,1,623,3,Male,36,3,3,Sales Executive,1,Single,10338,22089,4,Y,Yes,20,4,1,80,0,10,3,3,3,1,0,2
36,No,Travel_Rarely,206,Research & Development,3,3,Medical,1,624,1,Male,84,3,2,Manufacturing Director,2,Divorced,6656,19999,1,Y,No,13,3,2,80,2,13,5,3,3,1,1,2
35,No,Travel_Rarely,147,Sales,2,4,Marketing,1,625,1,Female,84,3,3,Manager,1,Single,9856,21087,2,Y,No,13,3,1,80,2,15,3,3,0,0,0,0
57,No,Non-Travel,1256,Sales,7,1,Other,1,626,3,Male,98,2,3,Sales Executive,4,Divorced,11377,8421,6,Y,Yes,11,4,3,80,2,37,0,3,8,3,4,4
30,No,Travel_Frequently,451,Research & Development,7,3,Medical,1,627,4,Male,75,3,3,Laboratory Technician,3,Single,8610,16545,5,Y,No,11,4,4,80,1,10,2,2,0,0,0,0
41,Yes,Travel_Rarely,301,Research & Development,29,3,Technical Degree,1,628,2,Male,83,3,2,Healthcare Representative,2,Divorced,6539,23183,2,Y,Yes,11,3,3,80,1,19,0,4,12,7,4,3
21,No,Travel_Rarely,1131,Research & Development,4,2,Technical Degree,1,629,4,Male,77,4,2,Research Scientist,3,Married,6001,3731,3,Y,No,11,3,4,80,0,1,4,3,1,0,0,0
31,No,Travel_Frequently,653,Research & Development,5,4,Life Sciences,1,630,4,Female,52,3,3,Manager,1,Married,8140,22229,2,Y,No,11,3,2,80,0,11,5,2,1,0,0,0
23,Yes,Travel_Rarely,716,Research & Development,28,2,Other,1,631,3,Male,32,3,2,Manager,4,Married,4218,17332,1,Y,Yes,18,3,3,80,3,2,2,4,0,0,0,0
46,No,Travel_Rarely,971,Research & Development,1,3,Life Sciences,1,632,4,Female,91,3,3,Research Director,1,Divorced,9866,13079,3,Y,No,19,3,2,80,1,24,2,3,10,5,1,7
30,No,Travel_Frequently,476,Research & Development,12,1,Technical Degree,1,633,3,Male,65,3,3,Research Scientist,2,Divorced,9731,11061,6,Y,No,13,3,2,80,0,7,2,3,3,2,0,2
38,No,Travel_Frequently,121,Research & Development,20,1,Medical,1,634,3,Male,73,3,4,Research Scientist,2,Divorced,11560,26780,1,Y,No,11,3,4,80,1,17,3,3,0,0,0,0
36,No,Travel_Rarely,843,Research & Development,2,2,Medical,1,635,1,Female,69,3,4,Laboratory Technician,2,Divorced,11469,21486,4,Y,No,11,4,3,80,1,13,5,2,13,12,3,11
28,No,Travel_Rarely,1357,Sales,1,3,Marketing,1,636,4,Male,30,2,4,Sales Representative,2,Married,9548,6546,3,Y,No,14,3,3,80,0,6,4,3,5,4,1,3
30,No,Travel_Rarely,728,Research & Development,1,4,Medical,1,637,3,Female,61,4,1,Research Scientist,1,Married,5291,25238,4,Y,No,16,3,3,80,0,8,4,4,0,0,0,0
38,Yes,Travel_Rarely,650,Research & Development,8,3,Life Sciences,1,638,4,Male,62,3,3,Research Scientist,2,Married,9645,9215,2,Y,Yes,14,3,4,80,1,15,4,2,12,9,0,8
60,Yes,Travel_Rarely,1346,Human Resources,5,1,Life Sciences,1,639,1,Male,76,3,2,Manager,4,Married,9698,12460,4,Y,Yes,11,4,4,80,0,40,1,2,14,6,7,13
41,No,Travel_Rarely,459,Research & Development,21,2,Other,1,640,1,Male,74,1,3,Healthcare Representative,2,Single,7891,23275,4,Y,No,15,3,4,80,0,19,1,2,15,12,3,13
35,No,Travel_Rarely,590,Research & Development,10,3,Medical,1,641,3,Male,31,2,3,Manager,3,Married,8666,7793,4,Y,No,20,3,4,80,0,12,2,3,2,1,0,1
31,No,Travel_Frequently,924,Research & Development,1,2,Life Sciences,1,642,1,Male,81,3,2,Research Scientist,2,Married,7803,9888,3,Y,No,17,3,2,80,0,9,2,1,3,2,1,1
39,No,Travel_Rarely,1169,Research & Development,1,2,Technical Degree,1,643,1,Male,88,3,2,Research Scientist,3,Married,7435,10308,4,Y,Yes,18,3,3,80,0,17,3,2,1,0,0,0
40,No,Travel_Rarely,146,Research & Development,1,4,Life Sciences,1,644,4,Male,76,3,1,Research Scientist,2,Married,4176,21529,5,Y,No,13,3,2,80,0,17,2,3,2,1,0,1
56,Yes,Travel_Rarely,595,Sales,3,3,Life Sciences,1,645,4,Female,84,2,3,Sales Executive,4,Married,12665,12854,1,Y,No,13,3,1,80,0,36,3,3,1,0,0,0
35,No,Travel_Frequently,787,Research & Development,9,3,Medical,1,646,4,Male,31,2,4,Manufacturing Director,2,Married,10131,2157,3,Y,No,17,3,1,80,3,15,3,3,4,1,1,2
27,No,Non-Travel,557,Research & Development,6,3,Other,1,647,4,Male,45,2,2,Manager,1,Single,5551,22498,4,Y,No,11,3,4,80,0,6,3,3,0,0,0,0
47,No,Travel_Rarely,109,Research & Development,29,2,Other,1,648,2,Female,54,3,1,Research Scientist,4,Married,4930,5825,1,Y,No,13,3,2,80,0,24,6,2,2,0,0,1
30,No,Travel_Rarely,558,Research & Development,16,3,Technical Degree,1,649,3,Female,43,3,5,Manufacturing Director,1,Married,13205,24203,2,Y,Yes,15,3,4,80,1,7,3,2,7,5,2,6
39,No,Travel_Frequently,744,Sales,1,1,Medical,1,650,4,Male,41,3,4,Sales Representative,2,Married,10257,24644,3,Y,Yes,17,3,2,80,2,18,1,3,3,1,1,1
32,No,Travel_Frequently,1342,Research & Development,3,3,Life Sciences,1,651,2,Female,43,3,4,Laboratory Technician,3,Married,11130,3160,1,Y,Yes,12,3,4,80,2,10,5,2,2,1,0,0
37,No,Travel_Rarely,151,Research & Development,8,3,Technical Degree,1,652,4,Male,34,3,4,Healthcare Representative,2,Divorced,11643,9181,2,Y,Yes,15,3,1,80,0,15,6,3,8,3,0,7
25,No,Travel_Rarely,912,Sales,6,3,Medical,1,653,2,Female,61,4,3,Manager,4,Married,8032,20372,4,Y,No,11,3,1,80,0,3,2,2,3,1,0,1
31,Yes,Travel_Rarely,724,Research & Development,7,3,Life Sciences,1,654,2,Female,43,1,4,Research Director,1,Single,12221,13573,0,Y,No,13,3,3,80,1,9,2,3,6,2,1,2
32,No,Travel_Rarely,1468,Research & Development,4,3,Other,1,655,4,Female,75,3,2,Research Director,3,Divorced,8943,10193,2,Y,Yes,17,3,3,80,1,11,2,3,10,3,3,4
55,No,Travel_Rarely,1467,Research & Development,2,2,Life Sciences,1,656,4,Male,98,3,5,Research Director,2,Married,15841,12767,4,Y,No,17,3,2,80,0,34,4,3,0,0,0,0
41,No,Travel_Rarely,1151,Research & Development,9,4,Other,1,657,4,Male,36,4,3,Research Director,3,Single,10312,21116,2,Y,No,14,4,4,80,0,20,0,4,9,5,2,7
27,No,Travel_Rarely,929,Research & Development,1,3,Life Sciences,1,658,1,Female,38,2,4,Research Scientist,3,Single,11555,12448,6,Y,Yes,12,3,3,80,0,5,5,2,0,0,0,0
21,Yes,Travel_Rarely,415,Research & Development,16,5,Other,1,659,1,Female,66,3,2,Healthcare Representative,3,Single,6969,3707,3,Y,No,12,4,2,80,2,0,5,3,1,0,0,0
25,No,Travel_Rarely,1035,Sales,29,3,Other,1,660,3,Female,57,4,4,Sales Executive,4,Single,12448,7531,4,Y,Yes,14,4,2,80,1,2,1,4,2,1,0,1
45,Yes,Non-Travel,837,Research & Development,21,4,Medical,1,661,2,Male,57,3,3,Manager,3,Married,11127,19964,0,Y,Yes,17,3,3,80,0,25,0,3,0,0,0,0
48,No,Non-Travel,602,Research & Development,25,4,Other,1,662,4,Female,77,2,2,Research Director,3,Divorced,8379,5437,1,Y,No,11,3,2,80,3,27,3,3,2,1,0,1
32,No,Travel_Rarely,479,Research & Development,6,1,Other,1,663,3,Female,89,3,1,Research Scientist,3,Single,4651,20432,3,Y,No,12,3,2,80,0,12,0,4,3,2,1,1
20,No,Travel_Rarely,364,Human Resources,14,5,Human Resources,1,664,1,Male,59,3,2,Human Resources,1,Single,6720,9379,2,Y,No,14,3,2,80,0,0,1,2,0,0,0,0
49,No,Travel_Rarely,1319,Research & Development,9,3,Technical Degree,1,665,3,Male,37,3,2,Laboratory Technician,3,Single,7427,14824,5,Y,No,16,3,3,80,2,26,2,2,5,2,2,1
41,No,Travel_Rarely,1111,Research & Development,4,3,Medical,1,666,4,Male,83,3,5,Laboratory Technician,4,Married,12740,25477,1,Y,Yes,15,3,1,80,1,20,5,1,3,2,1,1
25,No,Travel_Rarely,668,Research & Development,27,2,Other,1,667,4,Male,82,2,2,Research Director,2,Divorced,6721,23618,1,Y,No,16,3,3,80,1,3,2,3,3,2,0,1
20,No,Travel_Rarely,559,Sales,2,1,Medical,1,668,3,Male,80,3,5,Sales Representative,3,Divorced,11232,9532,3,Y,Yes,17,3,1,80,1,0,6,3,1,0,0,0
43,Yes,Travel_Rarely,1107,Research & Development,1,3,Life Sciences,1,669,3,Female,55,3,5,Research Scientist,1,Divorced,16212,20421,5,Y,No,18,3,3,80,0,23,2,3,1,0,0,0
33,No,Travel_Rarely,734,Research & Development,1,1,Medical,1,670,4,Male,73,1,2,Manufacturing Director,4,Married,6956,4487,2,Y,Yes,15,3,2,80,1,12,1,3,4,3,0,2
32,Yes,Travel_Rarely,417,Sales,2,3,Life Sciences,1,671,1,Male,55,3,3,Manager,1,Divorced,8538,19196,3,Y,No,14,4,4,80,1,11,1,3,4,1,0,3
54,No,Travel_Frequently,1428,Research & Development,6,3,Other,1,672,2,Male,82,3,3,Research Director,3,Single,11213,19660,2,Y,No,17,4,4,80,2,33,3,3,0,0,0,0
38,Yes,Non-Travel,327,Research & Development,5,4,Life Sciences,1,673,4,Male,55,1,3,Healthcare Representative,1,Married,9892,15943,3,Y,No,11,3,3,80,2,16,4,2,2,1,0,0
38,No,Travel_Rarely,807,Research & Development,22,4,Other,1,674,1,Male,57,3,2,Healthcare Representative,3,Married,6048,17440,2,Y,No,11,3,3,80,0,18,3,3,2,1,0,0
53,No,Travel_Rarely,1139,Research & Development,24,2,Life Sciences,1,675,4,Male,74,3,5,Laboratory Technician,1,Single,14475,20563,2,Y,No,13,3,1,80,3,30,3,2,1,0,0,0
52,Yes,Travel_Frequently,321,Sales,6,3,Other,1,676,4,Male,78,3,2,Manager,4,Divorced,9205,8010,2,Y,No,17,3,3,80,2,30,2,3,2,1,1,1
18,No,Non-Travel,265,Research & Development,11,3,Technical Degree,1,677,3,Female,69,3,2,Research Director,3,Married,5284,14155,2,Y,No,20,4,4,80,0,0,3,2,0,0,0,0
47,No,Travel_Rarely,1352,Sales,1,2,Marketing,1,678,1,Female,97,3,3,Sales Executive,4,Married,11937,14743,5,Y,Yes,12,3,2,80,2,27,0,3,5,3,2,1
29,No,Travel_Rarely,956,Sales,5,3,Medical,1,679,2,Male,75,3,2,Manager,1,Single,5827,7818,2,Y,No,11,3,3,80,1,6,0,3,6,2,0,4
34,No,Travel_Rarely,1271,Research & Development,8,2,Medical,1,680,1,Male,92,4,4,Laboratory Technician,2,Single,10976,9130,2,Y,No,20,3,3,80,0,11,3,3,4,3,1,3
46,Yes,Travel_Rarely,763,Sales,26,1,Other,1,681,1,Male,90,3,1,Manager,4,Single,6096,15257,2,Y,Yes,13,4,4,80,1,24,4,2,1,0,0,0
41,Yes,Travel_Rarely,457,Research & Development,1,3,Other,1,682,4,Male,30,3,5,Laboratory Technician,3,Married,14464,21448,4,Y,Yes,12,3,4,80,1,18,1,3,5,3,1,4
18,Yes,Travel_Rarely,1260,Sales,1,2,Life Sciences,1,683,1,Male,72,3,5,Manager,4,Married,11544,4905,1,Y,No,12,3,4,80,1,0,2,3,1,0,0,0
44,Yes,Travel_Rarely,875,Research & Development,3,3,Other,1,684,4,Female,57,3,4,Manager,3,Divorced,13447,18551,5,Y,Yes,17,3,3,80,2,21,1,2,7,4,3,5
35,No,Travel_Rarely,426,Research & Development,1,2,Life Sciences,1,685,4,Male,68,1,3,Manufacturing Director,4,Married,8993,6068,0,Y,No,19,3,4,80,0,15,0,3,1,0,0,0
23,No,Travel_Rarely,462,Research & Development,1,2,Other,1,686,4,Female,48,2,2,Manager,3,Married,5666,19311,7,Y,No,24,3,1,80,1,2,2,3,2,0,0,1
34,No,Travel_Rarely,285,Sales,4,1,Other,1,687,3,Male,61,3,1,Manager,1,Divorced,4244,15217,0,Y,No,13,3,2,80,0,11,2,3,0,0,0,0
29,Yes,Travel_Rarely,617,Sales,1,3,Medical,1,688,2,Female,88,3,2,Sales Representative,2,Married,7446,2239,3,Y,No,13,3,1,80,1,8,2,3,1,0,0,0
42,Yes,Travel_Rarely,444,Sales,12,2,Life Sciences,1,689,3,Female,95,3,2,Manager,4,Single,7238,20861,1,Y,Yes,13,3,3,80,0,22,2,3,1,0,0,0
21,Yes,Non-Travel,832,Sales,8,4,Life Sciences,1,690,3,Male,79,3,2,Sales Executive,1,Single,5563,21070,0,Y,No,14,3,1,80,0,0,0,3,1,0,0,0
36,No,Travel_Frequently,1495,Human Resources,9,4,Other,1,691,1,Female,32,3,3,Manager,2,Single,9583,20759,2,Y,No,13,3,4,80,1,15,5,3,6,5,1,3
22,No,Travel_Rarely,623,Research & Development,5,1,Medical,1,692,3,Female,90,1,2,Research Director,3,Single,4995,6672,3,Y,No,16,3,3,80,0,2,4,3,2,0,0,1
42,No,Travel_Rarely,552,Research & Development,12,3,Technical Degree,1,693,4,Female,97,3,5,Manager,2,Married,13140,5920,1,Y,No,15,3,4,80,0,20,6,3,5,3,0,2
28,No,Travel_Rarely,117,Research & Development,2,2,Technical Degree,1,694,2,Female,81,2,3,Laboratory Technician,1,Married,8528,10392,5,Y,Yes,13,3,2,80,0,5,3,1,0,0,0,0
52,No,Travel_Rarely,198,Sales,16,3,Life Sciences,1,695,1,Female,71,3,3,Manager,4,Married,9607,14714,4,Y,No,12,3,4,80,0,30,3,3,4,3,0,2
30,No,Travel_Rarely,126,Sales,4,1,Other,1,696,3,Female,34,3,3,Sales Representative,2,Married,9161,2733,0,Y,No,12,3,1,80,2,8,5,3,5,1,1,3
48,Yes,Travel_Rarely,668,Research & Development,12,3,Life Sciences,1,697,1,Male,68,2,2,Manager,4,Married,7535,11174,3,Y,Yes,23,3,1,80,1,25,5,2,2,1,1,1
42,Yes,Travel_Rarely,475,Research & Development,5,1,Technical Degree,1,698,3,Female,68,3,2,Research Scientist,1,Single,6373,8767,2,Y,No,11,3,4,80,3,20,5,2,0,0,0,0
28,No,Travel_Rarely,1138,Research & Development,5,1,Life Sciences,1,699,4,Male,49,1,4,Research Director,3,Married,10340,15119,1,Y,No,17,3,4,80,0,7,3,3,7,5,3,6
39,No,Travel_Rarely,536,Research & Development,2,1,Other,1,700,2,Female,79,4,5,Research Director,2,Married,14480,10593,2,Y,No,17,4,4,80,0,19,4,4,4,3,1,3
51,No,Travel_Frequently,178,Research & Development,7,3,Other,1,701,3,Female,54,3,1,Laboratory Technician,2,Divorced,6568,22570,1,Y,No,13,3,1,80,1,29,1,4,2,1,0,1
31,No,Non-Travel,740,Sales,3,2,Life Sciences,1,702,4,Male,61,3,2,Sales Executive,1,Married,5003,23537,4,Y,No,18,3,1,80,0,8,2,4,3,2,0,1
39,No,Travel_Rarely,622,Research & Development,1,2,Medical,1,703,1,Male,79,3,4,Research Scientist,4,Single,11310,11634,4,Y,No,18,3,4,80,1,16,4,1,13,7,0,4
33,No,Travel_Rarely,339,Research & Development,7,2,Technical Degree,1,704,4,Male,92,3,1,Healthcare Representative,3,Married,3716,16376,0,Y,Yes,13,3,4,80,0,10,1,3,6,5,0,4
34,No,Travel_Frequently,248,Research & Development,2,5,Medical,1,705,2,Male,55,3,1,Laboratory Technician,3,Divorced,4124,13484,1,Y,No,19,3,4,80,0,12,1,3,4,2,1,1
40,No,Travel_Rarely,737,Sales,4,3,Medical,1,706,2,Male,71,3,5,Manager,4,Married,14127,3080,4,Y,No,18,3,4,80,1,18,4,2,7,6,3,2
29,No,Non-Travel,275,Research & Development,15,3,Medical,1,707,4,Female,82,3,2,Manager,4,Divorced,6621,10389,2,Y,No,16,3,1,80,0,8,2,1,0,0,0,0
45,No,Travel_Rarely,899,Research & Development,5,1,Life Sciences,1,708,3,Male,66,4,4,Manufacturing Director,3,Single,12559,18354,2,Y,No,12,3,4,80,1,24,3,2,8,6,4,6
46,Yes,Travel_Rarely,1250,Sales,29,2,Marketing,1,709,2,Female,42,2,2,Sales Executive,4,Single,6912,17927,4,Y,Yes,11,3,3,80,2,24,3,3,0,0,0,0
28,No,Travel_Rarely,1285,Sales,6,3,Marketing,1,710,4,Male,67,1,2,Sales Representative,2,Married,5445,20108,3,Y,Yes,12,3,3,80,0,5,1,4,5,2,2,4
34,No,Travel_Rarely,256,Research & Development,2,3,Technical Degree,1,711,4,Male,85,1,2,Manager,1,Married,6260,26354,3,Y,No,15,3,4,80,1,13,1,3,6,2,2,3
33,No,Travel_Frequently,1146,Research & Development,1,1,Technical Degree,1,712,2,Male,61,2,5,Research Scientist,3,Married,10975,15125,2,Y,No,16,3,2,80,2,11,3,3,4,3,2,3
34,No,Non-Travel,439,Research & Development,3,4,Other,1,713,3,Male,41,2,3,Healthcare Representative,4,Single,8799,9538,2,Y,No,11,3,3,80,0,13,3,3,5,2,0,4
24,No,Travel_Rarely,230,Sales,8,3,Marketing,1,714,3,Female,42,3,3,Sales Representative,4,Married,8920,4467,2,Y,No,14,3,3,80,1,3,5,2,1,0,0,0
33,No,Travel_Rarely,1397,Research & Development,21,3,Technical Degree,1,715,4,Male,54,2,2,Manager,4,Single,6833,23317,2,Y,No,17,3,2,80,0,13,5,3,11,4,2,3
41,No,Travel_Rarely,202,Research & Development,19,1,Technical Degree,1,716,4,Female,52,4,3,Manufacturing Director,4,Divorced,11320,12440,4,Y,Yes,15,3,1,80,2,20,1,2,3,2,1,1
28,No,Travel_Rarely,1114,Research & Development,7,4,Technical Degree,1,717,1,Female,39,2,1,Laboratory Technician,4,Single,4594,24995,1,Y,No,21,3,2,80,0,6,2,3,2,1,0,1
37,No,Travel_Rarely,1117,Research & Development,5,3,Life Sciences,1,718,4,Female,49,1,1,Laboratory Technician,4,Married,3979,3900,5,Y,No,13,3,4,80,1,16,2,3,0,0,0,0
51,No,Travel_Frequently,183,Human Resources,12,1,Human Resources,1,719,4,Male,36,3,2,Human Resources,4,Single,7989,20707,1,Y,No,19,3,1,80,1,31,4,1,3,1,0,1
35,No,Travel_Rarely,933,Research & Development,14,4,Other,1,720,4,Female,60,3,1,Laboratory Technician,4,Married,6706,11076,2,Y,No,21,3,2,80,1,12,3,3,2,1,0,1
30,No,Travel_Rarely,1167,Research & Development,4,3,Medical,1,721,3,Male,40,2,2,Manufacturing Director,4,Single,7653,6436,2,Y,No,11,4,1,80,2,9,5,4,5,1,1,4
56,No,Travel_Rarely,239,Research & Development,1,3,Life Sciences,1,722,1,Female,77,3,4,Research Scientist,3,Divorced,12146,21163,2,Y,No,15,3,3,80,3,34,1,3,2,1,0,1
24,Yes,Travel_Rarely,1355,Research & Development,13,4,Medical,1,723,2,Male,84,3,2,Research Director,4,Married,7424,20696,0,Y,Yes,20,3,1,80,1,2,1,3,2,0,0,0
24,No,Travel_Rarely,1139,Research & Development,10,1,Life Sciences,1,724,1,Male,43,3,4,Healthcare Representative,2,Divorced,10833,9145,1,Y,No,18,3,3,80,1,4,4,3,2,1,0,1
32,No,Travel_Rarely,918,Sales,12,4,Marketing,1,725,3,Female,36,1,3,Manager,3,Divorced,8809,4690,2,Y,No,11,3,1,80,1,12,1,1,4,2,0,2
30,No,Travel_Rarely,1001,Research & Development,6,2,Life Sciences,1,726,2,Female,79,3,3,Manufacturing Director,1,Single,7605,7636,0,Y,No,15,3,1,80,1,9,1,3,8,3,1,4
31,No,Travel_Frequently,327,Research & Development,1,1,Technical Degree,1,727,3,Male,54,3,4,Healthcare Representative,4,Single,9879,18143,3,Y,Yes,18,3,2,80,3,9,4,2,8,5,3,4
46,No,Travel_Rarely,410,Research & Development,3,4,Other,1,728,3,Female,77,3,3,Manager,2,Married,10607,9769,1,Y,No,15,3,2,80,2,26,1,3,4,1,0,2
51,No,Travel_Rarely,861,Sales,18,2,Medical,1,729,1,Male,74,2,2,Manager,4,Single,7629,5257,2,Y,No,17,3,1,80,2,28,1,2,7,4,2,6
39,No,Travel_Rarely,1212,Sales,14,4,Marketing,1,730,4,Male,81,1,3,Sales Executive,4,Divorced,10097,2546,3,Y,No,14,3,4,80,2,19,1,3,0,0,0,0
29,No,Travel_Rarely,370,Research & Development,8,3,Medical,1,731,1,Female,94,2,1,Laboratory Technician,3,Divorced,4894,3181,8,Y,No,19,3,4,80,0,7,6,2,0,0,0,0
30,No,Travel_Rarely,1089,Sales,1,3,Marketing,1,732,1,Female,55,1,5,Sales Executive,3,Divorced,12175,25005,2,Y,Yes,16,3,1,80,1,9,3,3,4,2,2,3
44,No,Travel_Rarely,1326,Research & Development,3,2,Medical,1,733,2,Male,82,3,3,Healthcare Representative,4,Single,10966,4953,4,Y,Yes,12,3,1,80,0,24,2,2,0,0,0,0
42,No,Travel_Rarely,1421,Sales,13,3,Other,1,734,1,Female,53,2,3,Sales Executive,1,Married,9507,15266,1,Y,No,11,3,1,80,0,19,1,1,5,2,1,4
27,No,Travel_Rarely,1226,Research & Development,3,1,Technical Degree,1,735,4,Female,59,1,3,Research Scientist,1,Divorced,9504,8625,1,Y,Yes,19,3,3,80,0,4,3,2,4,1,1,1
41,No,Non-Travel,1235,Research & Development,15,3,Other,1,736,2,Male,72,3,5,Manufacturing Director,4,Divorced,15149,20591,1,Y,No,15,3,3,80,0,20,6,3,0,0,0,0
23,No,Travel_Rarely,1235,Human Resources,1,1,Other,1,737,4,Male,69,3,5,Manager,3,Single,11770,10950,2,Y,Yes,17,3,2,80,0,0,3,3,0,0,0,0
47,No,Travel_Rarely,241,Research & Development,1,3,Technical Degree,1,738,3,Male,57,2,3,Research Director,4,Divorced,11116,8335,3,Y,No,13,4,4,80,0,26,5,3,4,1,0,1
46,No,Non-Travel,559,Sales,6,4,Marketing,1,739,1,Male,43,2,5,Sales Executive,4,Divorced,14188,7854,1,Y,No,18,3,3,80,0,26,2,3,7,2,3,4
25,No,Travel_Rarely,818,Sales,1,2,Medical,1,740,2,Female,75,3,5,Sales Representative,1,Divorced,13220,24725,5,Y,No,13,3,1,80,1,2,1,3,0,0,0,0
48,No,Travel_Rarely,261,Research & Development,7,2,Life Sciences,1,741,1,Male,43,1,5,Manager,1,Married,15043,18874,4,Y,No,16,3,3,80,1,28,4,3,0,0,0,0
23,No,Non-Travel,907,Research & Development,6,3,Technical Degree,1,742,1,Male,52,3,2,Healthcare Representative,3,Married,6713,3499,4,Y,No,19,3,2,80,1,2,2,2,0,0,0,0
30,No,Travel_Rarely,1156,Sales,21,3,Marketing,1,743,1,Female,63,3,3,Sales Representative,3,Single,7220,19933,7,Y,No,11,3,2,80,0,9,4,3,2,1,0,1
32,No,Travel_Frequently,342,Research & Development,12,2,Other,1,744,4,Male,97,3,3,Laboratory Technician,1,Married,7947,26850,1,Y,No,21,3,2,80,1,10,3,2,2,1,0,1
25,Yes,Travel_Frequently,1104,Sales,9,4,Medical,1,745,2,Female,64,3,1,Sales Representative,2,Married,3891,20004,1,Y,Yes,11,3,2,80,0,5,2,4,0,0,0,0
30,No,Travel_Frequently,1079,Sales,1,3,Medical,1,746,1,Male,37,2,4,Sales Executive,3,Divorced,10900,19112,2,Y,No,13,4,2,80,2,7,2,2,2,0,0,0
50,Yes,Non-Travel,1465,Research & Development,13,4,Medical,1,747,1,Male,52,2,3,Healthcare Representative,1,Single,9542,19083,3,Y,No,15,3,2,80,2,29,2,3,2,1,0,0
44,No,Travel_Rarely,262,Research & Development,1,4,Other,1,748,4,Male,32,2,2,Research Scientist,4,Divorced,6172,17650,4,Y,Yes,11,3,1,80,1,24,2,3,0,0,0,0
44,No,Travel_Rarely,357,Sales,5,2,Other,1,749,1,Male,64,1,2,Sales Executive,4,Single,7673,4352,4,Y,No,16,4,2,80,1,21,3,2,4,2,1,2
41,No,Travel_Rarely,1410,Research & Development,4,1,Medical,1,750,4,Female,60,3,2,Research Scientist,1,Married,7278,8212,1,Y,No,13,3,1,80,2,21,3,3,7,4,2,5
30,No,Travel_Rarely,1164,Research & Development,5,2,Technical Degree,1,751,4,Female,55,3,5,Research Director,2,Single,12524,8775,2,Y,No,14,3,4,80,0,10,4,3,2,1,1,0
33,No,Travel_Rarely,648,Research & Development,10,2,Medical,1,752,3,Male,47,3,2,Manufacturing Director,4,Divorced,7050,9444,3,Y,No,11,3,4,80,3,11,3,3,11,4,1,4
37,No,Travel_Rarely,1360,Research & Development,1,2,Other,1,753,3,Male,41,2,2,Research Scientist,4,Married,6945,15216,4,Y,No,16,3,1,80,1,16,6,3,6,1,2,5
48,No,Travel_Rarely,920,Research & Development,13,4,Technical Degree,1,754,2,Male,88,3,5,Research Director,3,Married,15741,19076,1,Y,No,14,3,2,80,1,26,2,3,0,0,0,0
33,No,Travel_Rarely,1101,Research & Development,18,3,Medical,1,755,4,Male,31,2,4,Manager,3,Divorced,9468,13285,5,Y,Yes,15,3,3,80,3,12,3,3,9,8,1,7
41,No,Travel_Rarely,1249,Research & Development,2,2,Medical,1,756,1,Male,78,3,2,Research Scientist,1,Married,5857,3013,5,Y,No,15,3,4,80,3,18,1,3,0,0,0,0
38,No,Travel_Rarely,1242,Research & Development,10,1,Technical Degree,1,757,1,Male,77,3,2,Manager,3,Married,6140,11757,2,Y,No,13,3,2,80,1,18,5,3,4,1,2,2
29,No,Travel_Rarely,115,Sales,2,4,Marketing,1,758,1,Male,49,2,5,Sales Executive,3,Single,12456,21281,2,Y,No,16,3,3,80,0,7,2,4,0,0,0,0
29,No,Travel_Frequently,1189,Research & Development,29,2,Medical,1,759,2,Female,40,3,5,Manufacturing Director,4,Married,12628,3750,2,Y,No,16,3,4,80,1,9,4,3,9,4,0,8
35,No,Travel_Rarely,875,Research & Development,2,1,Medical,1,760,3,Male,39,3,5,Healthcare Representative,2,Divorced,13237,4691,2,Y,No,12,3,1,80,3,13,2,3,3,1,0,2
40,No,Travel_Rarely,599,Research & Development,1,3,Life Sciences,1,761,1,Male,54,1,3,Manager,3,Single,9634,25140,3,Y,No,11,3,4,80,1,17,3,3,0,0,0,0
42,No,Non-Travel,207,Research & Development,3,3,Medical,1,762,2,Male,52,3,2,Healthcare Representative,3,Married,8261,11345,3,Y,No,11,3,1,80,1,20,3,2,0,0,0,0
42,No,Travel_Rarely,372,Research & Development,7,1,Other,1,763,4,Male,86,2,4,Research Director,4,Divorced,12263,7441,3,Y,Yes,11,3,1,80,2,21,0,3,4,3,0,2
53,No,Travel_Rarely,770,Sales,3,4,Other,1,764,4,Male,81,3,3,Manager,3,Married,11519,12131,2,Y,Yes,17,3,2,80,0,31,1,3,3,1,0,0
26,No,Travel_Rarely,508,Research & Development,22,4,Medical,1,765,1,Male,65,1,2,Laboratory Technician,2,Single,5431,7051,4,Y,No,16,3,1,80,1,5,3,2,3,2,1,2
44,No,Travel_Rarely,979,Research & Development,2,4,Other,1,766,2,Female,95,2,4,Research Scientist,1,Divorced,11153,17141,3,Y,No,18,3,3,80,1,23,4,4,5,3,1,4
30,No,Travel_Rarely,1089,Research & Development,26,3,Technical Degree,1,767,3,Female,98,1,2,Research Scientist,3,Single,5889,8845,1,Y,Yes,23,4,1,80,1,10,2,3,6,4,2,3
26,No,Travel_Rarely,990,Research & Development,2,5,Medical,1,768,1,Female,92,2,4,Research Director,2,Single,8337,15508,4,Y,No,14,3,3,80,0,6,2,2,1,0,0,0
18,Yes,Travel_Rarely,1365,Research & Development,13,1,Other,1,769,3,Female,52,3,3,Healthcare Representative,3,Single,7542,4976,1,Y,No,20,4,2,80,0,0,1,3,0,0,0,0
45,Yes,Travel_Rarely,276,Research & Development,4,2,Technical Degree,1,770,4,Female,34,3,3,Research Scientist,3,Married,11485,24938,4,Y,Yes,11,3,1,80,2,23,3,3,3,0,0,2
40,No,Travel_Frequently,726,Research & Development,8,4,Medical,1,771,4,Male,53,3,4,Research Director,3,Married,11738,11645,4,Y,No,15,3,1,80,1,19,1,3,0,0,0,0
36,No,Travel_Rarely,1405,Sales,1,3,Medical,1,772,3,Male,73,3,2,Manager,3,Married,7289,6203,2,Y,No,13,3,3,80,0,14,2,3,2,0,0,0
47,No,Travel_Rarely,302,Sales,14,2,Life Sciences,1,773,1,Female,56,4,4,Sales Representative,3,Divorced,11343,24262,1,Y,No,15,3,4,80,0,25,1,3,0,0,0,0
24,No,Travel_Rarely,655,Sales,3,2,Medical,1,774,4,Male,53,2,4,Sales Executive,4,Single,9572,11984,3,Y,No,19,3,2,80,0,4,4,1,1,0,0,0
34,No,Travel_Rarely,1425,Research & Development,1,2,Technical Degree,1,775,2,Male,54,1,3,Manufacturing Director,2,Married,8441,19166,1,Y,Yes,15,3,4,80,1,14,3,3,1,0,0,0
39,Yes,Travel_Frequently,1117,Research & Development,10,3,Technical Degree,1,776,3,Male,31,4,3,Laboratory Technician,3,Married,10147,21848,1,Y,No,17,3,4,80,1,19,5,3,0,0,0,0
50,No,Travel_Rarely,553,Sales,9,2,Other,1,777,2,Male,94,2,1,Sales Executive,1,Married,6239,2334,3,Y,No,11,3,4,80,1,28,3,3,5,1,0,4
30,No,Travel_Rarely,277,Research & Development,12,3,Medical,1,778,3,Male,52,3,3,Laboratory Technician,3,Married,10273,4521,0,Y,No,15,3,4,80,1,8,3,3,4,1,1,2
40,No,Travel_Rarely,661,Research & Development,1,3,Other,1,779,3,Male,83,2,2,Laboratory Technician,4,Married,7958,14995,5,Y,No,14,3,2,80,1,18,4,3,6,3,1,1
26,No,Travel_Rarely,855,Sales,1,1,Life Sciences,1,780,2,Male,66,3,4,Manager,4,Married,9848,16569,1,Y,No,12,3,4,80,0,6,6,3,5,4,0,3
42,No,Travel_Rarely,1412,Research & Development,1,4,Life Sciences,1,781,1,Female,53,3,3,Manager,3,Divorced,10096,17152,2,Y,No,16,3,4,80,0,20,1,3,2,0,0,1
39,No,Travel_Rarely,1053,Research & Development,6,3,Medical,1,782,4,Male,83,3,3,Laboratory Technician,3,Single,9584,18402,2,Y,No,17,3,3,80,3,16,4,2,1,0,0,0
32,No,Travel_Rarely,170,Research & Development,11,2,Medical,1,783,2,Female,73,3,2,Manager,3,Married,5630,16116,2,Y,No,20,3,4,80,3,9,2,4,3,1,0,1
33,No,Travel_Rarely,436,Research & Development,4,3,Other,1,784,4,Male,49,3,4,Manufacturing Director,3,Single,11507,6487,1,Y,No,16,3,4,80,0,11,2,3,11,7,1,7
36,No,Travel_Rarely,1150,Research & Development,2,3,Medical,1,785,3,Male,55,3,2,Laboratory Technician,4,Married,7135,26588,5,Y,Yes,17,3,4,80,0,15,2,2,0,0,0,0
52,No,Travel_Rarely,131,Research & Development,14,3,Technical Degree,1,786,3,Female,74,2,3,Manufacturing Director,4,Married,10716,4933,3,Y,No,11,3,1,80,1,29,1,2,14,11,5,8
31,No,Travel_Rarely,1355,Research & Development,2,2,Life Sciences,1,787,4,Male,77,3,5,Research Director,4,Married,12070,6104,2,Y,No,11,3,1,80,0,9,0,4,1,0,0,0
35,Yes,Travel_Frequently,262,Research & Development,1,3,Medical,1,788,2,Male,58,2,2,Manager,4,Married,6153,12714,4,Y,No,18,4,4,80,0,15,6,3,1,0,0,0
18,Yes,Travel_Rarely,1175,Research & Development,6,3,Other,1,789,3,Male,46,3,4,Healthcare Representative,1,Single,9130,11689,0,Y,Yes,11,3,3,80,0,0,3,3,1,0,0,0
52,No,Travel_Rarely,551,Research & Development,7,4,Life Sciences,1,790,3,Male,73,2,2,Research Director,3,Married,8712,17274,2,Y,Yes,11,3,4,80,0,29,4,3,4,2,1,1
29,No,Travel_Frequently,1047,Research & Development,2,1,Other,1,791,2,Male,37,3,2,Healthcare Representative,4,Married,6899,18745,1,Y,No,14,3,4,80,0,8,2,1,5,4,0,3
31,No,Non-Travel,723,Research & Development,3,5,Technical Degree,1,792,3,Male,75,2,1,Manager,4,Divorced,3968,10030,2,Y,No,25,3,2,80,0,9,1,4,5,3,2,4
38,No,Non-Travel,703,Sales,4,4,Life Sciences,1,793,3,Male,45,3,3,Sales Representative,3,Single,8965,11906,3,Y,Yes,20,3,1,80,1,15,1,2,5,2,0,4
60,No,Travel_Rarely,824,Research & Development,3,3,Technical Degree,1,794,4,Female,56,3,1,Laboratory Technician,4,Single,6361,10671,2,Y,Yes,11,3,3,80,2,37,1,2,7,2,2,6
26,No,Travel_Frequently,920,Sales,13,3,Other,1,795,2,Male,66,3,3,Sales Representative,3,Married,8209,18337,2,Y,Yes,20,3,1,80,1,5,5,3,5,4,1,2
41,No,Travel_Frequently,238,Research & Development,2,4,Technical Degree,1,796,2,Male,90,3,3,Manager,3,Divorced,8719,22420,2,Y,No,18,3,2,80,1,18,2,3,1,0,0,0
24,No,Non-Travel,1151,Research & Development,3,2,Technical Degree,1,797,4,Female,93,3,1,Laboratory Technician,4,Married,2526,4395,3,Y,No,19,3,2,80,0,4,5,4,4,2,1,3
51,No,Travel_Frequently,1386,Sales,4,4,Medical,1,798,3,Male,76,3,1,Sales Representative,3,Married,6591,17620,2,Y,No,14,3,2,80,0,30,6,3,3,2,0,2
35,No,Non-Travel,910,Research & Development,1,4,Other,1,799,2,Female,80,1,3,Laboratory Technician,1,Married,9622,7124,1,Y,No,16,3,4,80,1,12,2,3,8,7,3,5
38,Yes,Travel_Frequently,330,Research & Development,8,5,Life Sciences,1,800,3,Male,59,3,4,Manufacturing Director,4,Married,10661,11934,4,Y,No,15,3,3,80,2,15,4,3,0,0,0,0
39,No,Non-Travel,538,Research & Development,11,3,Life Sciences,1,801,4,Male,80,3,2,Research Scientist,2,Single,6206,24521,4,Y,No,16,3,3,80,2,17,4,2,6,4,0,2
35,No,Travel_Rarely,861,Research & Development,13,3,Life Sciences,1,802,1,Male,75,3,3,Research Scientist,3,Divorced,9384,26670,3,Y,No,19,3,3,80,0,15,5,3,8,6,0,2
35,No,Travel_Rarely,614,Research & Development,3,3,Other,1,803,4,Male,44,3,5,Research Director,4,Single,15018,6295,1,Y,No,11,3,1,80,1,15,1,3,9,8,2,6
32,No,Travel_Rarely,1399,Research & Development,5,1,Life Sciences,1,804,3,Male,88,1,3,Research Director,3,Single,9129,9491,0,Y,No,16,3,2,80,0,11,1,2,2,0,0,1
28,No,Travel_Rarely,967,Research & Development,6,3,Technical Degree,1,805,4,Female,78,3,1,Research Director,1,Married,2631,11403,4,Y,Yes,11,3,3,80,1,8,4,2,8,7,0,5
32,Yes,Travel_Rarely,246,Research & Development,8,4,Life Sciences,1,806,2,Male,76,3,3,Manager,2,Single,8262,15173,2,Y,Yes,11,4,3,80,1,10,3,2,7,3,3,4
31,No,Non-Travel,1034,Sales,5,1,Marketing,1,807,1,Male,46,1,4,Sales Executive,4,Married,12748,24699,0,Y,No,16,3,4,80,0,10,4,2,2,1,0,1
25,No,Travel_Frequently,824,Research & Development,7,3,Medical,1,808,4,Female,67,2,2,Healthcare Representative,2,Single,6561,26675,1,Y,Yes,11,3,3,80,0,4,3,3,2,1,0,1
33,No,Travel_Rarely,427,Sales,7,2,Marketing,1,809,3,Male,95,1,3,Sales Executive,4,Divorced,9870,12516,3,Y,No,17,3,3,80,0,11,1,2,5,1,0,2
23,No,Travel_Rarely,984,Sales,12,5,Life Sciences,1,810,4,Male,81,1,5,Sales Executive,1,Married,12422,21103,1,Y,No,16,3,3,80,2,2,1,3,2,1,1,1
35,No,Travel_Rarely,1110,Research & Development,9,2,Medical,1,811,3,Male,87,2,3,Laboratory Technician,4,Single,8510,18879,5,Y,Yes,12,3,4,80,0,12,3,3,12,9,3,7
43,No,Travel_Rarely,478,Sales,18,2,Marketing,1,812,2,Male,83,2,5,Sales Executive,4,Divorced,14001,3615,5,Y,Yes,14,3,4,80,1,22,3,4,8,6,1,7
34,No,Travel_Rarely,455,Sales,3,3,Life Sciences,1,813,3,Female,74,3,3,Sales Executive,2,Married,8774,9881,4,Y,No,13,3,2,80,0,11,0,2,5,3,1,2
27,No,Travel_Rarely,105,Research & Development,5,1,Medical,1,814,4,Male,52,3,5,Research Director,3,Married,13410,8034,0,Y,Yes,16,3,3,80,0,4,1,2,4,2,2,2
48,No,Travel_Frequently,1303,Research & Development,14,4,Medical,1,815,3,Male,62,4,3,Research Scientist,3,Divorced,10193,26783,1,Y,No,20,3,3,80,3,25,3,4,0,0,0,0
26,No,Travel_Rarely,1225,Sales,9,3,Marketing,1,816,3,Female,55,2,2,Sales Representative,1,Single,5715,11384,0,Y,No,14,3,2,80,1,5,2,3,5,2,0,2
26,No,Travel_Rarely,606,Research & Development,1,3,Technical Degree,1,817,3,Female,36,2,3,Manager,3,Divorced,6036,13277,4,Y,No,14,3,2,80,2,3,4,4,2,1,0,0
50,No,Travel_Rarely,249,Research & Development,5,4,Technical Degree,1,818,2,Male,74,3,4,Laboratory Technician,3,Single,13002,14339,2,Y,No,11,3,3,80,0,30,3,3,4,3,1,2
39,No,Travel_Rarely,1497,Research & Development,20,1,Life Sciences,1,819,2,Female,98,3,2,Laboratory Technician,2,Divorced,8300,24404,7,Y,No,16,3,2,80,1,18,4,2,0,0,0,0
24,No,Travel_Rarely,1091,Research & Development,3,3,Life Sciences,1,820,4,Male,63,3,1,Manufacturing Director,3,Divorced,1773,19015,2,Y,No,14,3,4,80,2,2,5,4,2,1,0,1
39,No,Travel_Rarely,419,Research & Development,6,3,Other,1,821,3,Male,69,3,4,Manager,1,Divorced,9496,15339,2,Y,No,13,3,3,80,3,16,0,3,0,0,0,0
34,No,Travel_Rarely,724,Sales,2,1,Life Sciences,1,822,4,Female,41,2,3,Sales Representative,1,Single,9065,21267,3,Y,No,14,3,1,80,1,12,1,3,2,1,0,1
24,No,Travel_Rarely,189,Research & Development,12,3,Life Sciences,1,823,3,Male,45,3,3,Research Director,3,Single,7219,15463,5,Y,Yes,14,3,4,80,1,4,3,2,1,0,0,0
49,Yes,Travel_Rarely,273,Research & Development,4,1,Life Sciences,1,824,1,Female,33,3,3,Laboratory Technician,4,Single,10081,26140,9,Y,No,15,3,4,80,2,27,2,1,4,3,1,3
46,No,Travel_Rarely,1121,Sales,5,5,Other,1,825,3,Male,79,3,5,Sales Representative,2,Single,14805,12205,4,Y,Yes,18,4,1,80,2,24,2,2,19,14,7,9
56,No,Travel_Rarely,1195,Sales,1,1,Life Sciences,1,826,4,Female,92,2,1,Manager,1,Single,6926,15719,3,Y,No,11,3,1,80,2,35,2,3,2,0,0,1
41,No,Travel_Rarely,1272,Human Resources,1,4,Other,1,827,3,Male,81,4,5,Human Resources,1,Divorced,13168,6369,4,Y,Yes,11,3,4,80,1,19,2,3,3,2,0,2
41,No,Travel_Rarely,745,Research & Development,1,2,Medical,1,828,1,Male,69,2,3,Healthcare Representative,4,Married,8890,25789,4,Y,No,11,3,3,80,1,20,1,3,0,0,0,0
35,Yes,Travel_Frequently,1187,Sales,2,2,Medical,1,829,4,Female,78,3,2,Sales Representative,1,Married,7326,25791,2,Y,No,17,3,3,80,2,13,2,3,0,0,0,0
43,Yes,Travel_Frequently,447,Research & Development,21,1,Life Sciences,1,830,3,Male,45,4,3,Manufacturing Director,1,Divorced,10554,2353,4,Y,No,13,3,2,80,1,21,1,2,2,1,0,0
31,Yes,Travel_Rarely,270,Research & Development,4,2,Other,1,831,2,Male,77,2,2,Manufacturing Director,4,Single,7277,5773,1,Y,Yes,14,3,2,80,1,9,1,3,2,1,0,1
50,No,Travel_Rarely,1096,Sales,2,4,Medical,1,832,2,Male,50,2,2,Manager,2,Divorced,7103,26556,2,Y,Yes,11,3,3,80,1,28,0,3,1,0,0,0
39,No,Travel_Rarely,451,Research & Development,3,3,Technical Degree,1,833,4,Female,96,3,5,Laboratory Technician,4,Married,13862,25486,2,Y,No,16,3,3,80,2,16,2,2,1,0,0,0
46,Yes,Non-Travel,259,Research & Development,8,4,Life Sciences,1,834,2,Male,45,3,3,Manager,4,Married,10269,24941,6,Y,Yes,11,3,4,80,0,23,1,4,0,0,0,0
47,No,Travel_Rarely,940,Research & Development,19,3,Other,1,835,3,Male,92,2,3,Laboratory Technician,3,Single,9608,24562,1,Y,No,12,3,3,80,0,26,3,3,3,1,1,2
49,No,Travel_Rarely,1175,Sales,2,2,Other,1,836,3,Male,55,2,1,Sales Executive,4,Married,7106,5544,4,Y,No,21,3,2,80,1,26,2,3,0,0,0,0
60,No,Travel_Rarely,867,Sales,1,3,Marketing,1,837,3,Male,71,3,2,Sales Executive,3,Divorced,10218,2471,4,Y,Yes,15,3,4,80,1,38,2,2,0,0,0,0
49,No,Travel_Rarely,372,Human Resources,21,4,Other,1,838,4,Male,34,3,5,Manager,2,Single,16094,7707,4,Y,Yes,11,3,3,80,1,29,3,3,7,5,0,6
35,No,Travel_Frequently,142,Research & Development,6,2,Medical,1,839,3,Male,34,3,5,Manager,3,Single,14037,25668,4,Y,No,14,4,1,80,2,12,3,3,9,4,1,4
42,No,Travel_Rarely,1211,Research & Development,14,1,Other,1,840,2,Female,67,2,4,Healthcare Representative,4,Married,12987,8419,3,Y,No,13,3,3,80,1,22,1,3,1,0,0,0
32,No,Travel_Rarely,1055,Research & Development,3,4,Technical Degree,1,841,3,Female,85,3,2,Manager,3,Married,7215,4638,3,Y,No,11,3,3,80,0,11,3,3,0,0,0,0
33,No,Travel_Rarely,123,Research & Development,1,4,Medical,1,842,1,Male,65,2,3,Laboratory Technician,3,Single,9239,4471,2,Y,No,11,3,2,80,0,11,5,3,0,0,0,0
34,No,Travel_Rarely,590,Research & Development,1,2,Life Sciences,1,843,3,Male,91,4,2,Research Director,2,Married,6888,15834,1,Y,No,12,3,4,80,2,12,1,3,6,4,0,5
34,Yes,Travel_Rarely,403,Research & Development,4,5,Technical Degree,1,844,1,Female,35,4,2,Healthcare Representative,3,Married,5464,16917,3,Y,No,11,4,3,80,1,13,3,3,0,0,0,0
42,No,Travel_Rarely,1237,Research & Development,2,5,Other,1,845,4,Male,95,3,3,Healthcare Representative,2,Married,9152,13979,3,Y,No,17,3,1,80,2,22,1,4,1,0,0,0
27,No,Travel_Rarely,702,Research & Development,29,1,Medical,1,846,4,Female,77,2,3,Healthcare Representative,3,Single,7879,20382,0,Y,No,14,3,3,80,2,4,3,3,4,3,1,1
27,No,Non-Travel,613,Research & Development,17,3,Medical,1,847,3,Male,74,2,3,Research Director,4,Divorced,6886,24175,2,Y,No,15,3,3,80,1,4,4,3,1,0,0,0
25,No,Travel_Frequently,1183,Research & Development,1,3,Life Sciences,1,848,3,Male,73,3,5,Laboratory Technician,1,Married,13303,17792,6,Y,No,17,4,2,80,0,5,6,3,0,0,0,0
28,Yes,Travel_Rarely,345,Research & Development,1,5,Life Sciences,1,849,4,Male,40,3,1,Research Director,3,Married,2390,8837,2,Y,Yes,19,3,2,80,0,8,2,3,4,3,0,3
39,No,Travel_Rarely,1091,Research & Development,29,4,Other,1,850,4,Female,54,4,4,Manager,2,Divorced,12212,7778,5,Y,No,11,4,1,80,1,17,4,3,5,1,0,3
43,No,Travel_Rarely,214,Research & Development,3,3,Other,1,851,2,Female,97,3,2,Laboratory Technician,2,Married,7939,3873,0,Y,No,11,3,3,80,1,21,2,3,0,0,0,0
35,Yes,Travel_Rarely,179,Research & Development,5,4,Medical,1,852,3,Male,57,1,1,Healthcare Representative,1,Married,6091,20055,1,Y,No,15,3,3,80,2,13,4,3,1,0,0,0
39,No,Travel_Frequently,359,Sales,9,2,Other,1,853,4,Male,57,4,4,Sales Executive,4,Married,11130,25272,1,Y,Yes,11,3,1,80,1,16,2,3,16,6,8,10
32,No,Travel_Rarely,538,Research & Development,7,3,Medical,1,854,4,Female,39,3,3,Manager,2,Married,8442,12789,5,Y,No,11,4,4,80,1,12,4,3,2,0,1,1
31,No,Travel_Rarely,393,Sales,3,3,Other,1,855,1,Male,46,3,5,Manager,4,Divorced,12560,16519,6,Y,No,18,3,3,80,1,10,1,2,9,8,1,4
45,No,Travel_Rarely,1413,Research & Development,4,2,Life Sciences,1,856,4,Female,31,3,3,Research Director,4,Married,8873,20438,1,Y,No,19,3,4,80,0,24,2,3,1,0,0,0
43,No,Travel_Rarely,901,Research & Development,3,4,Medical,1,857,4,Male,89,3,1,Manufacturing Director,2,Married,5675,26542,2,Y,No,14,3,4,80,2,23,3,3,17,11,1,8
50,No,Travel_Rarely,640,Research & Development,2,1,Other,1,858,3,Female,79,3,2,Research Director,4,Single,8994,10191,3,Y,Yes,14,3,2,80,2,30,5,2,1,0,0,0
35,No,Travel_Frequently,108,Research & Development,9,3,Other,1,859,4,Male,76,2,3,Manager,4,Single,8555,22750,4,Y,No,19,3,3,80,0,13,1,3,4,2,0,3
51,Yes,Travel_Rarely,970,Sales,25,4,Other,1,860,3,Female,62,2,2,Sales Executive,4,Married,9886,24187,2,Y,Yes,12,3,3,80,0,28,1,3,5,4,0,3
35,No,Travel_Frequently,821,Research & Development,1,3,Other,1,861,4,Female,80,3,4,Research Director,4,Divorced,11282,11268,2,Y,No,18,3,1,80,1,15,1,3,7,4,3,4
39,No,Travel_Rarely,533,Research & Development,6,5,Technical Degree,1,862,2,Female,98,3,2,Manager,1,Married,6745,3233,3,Y,Yes,13,3,2,80,1,16,1,3,2,1,1,1
21,No,Travel_Rarely,1176,Research & Development,3,1,Medical,1,863,4,Male,70,2,2,Manufacturing Director,3,Single,7828,17923,1,Y,No,22,3,3,80,0,0,5,2,1,0,0,0
38,No,Travel_Rarely,197,Research & Development,5,3,Technical Degree,1,864,2,Female,53,4,1,Laboratory Technician,1,Married,4755,13475,2,Y,No,13,3,2,80,0,16,5,3,0,0,0,0
43,No,Travel_Frequently,889,Sales,2,3,Life Sciences,1,865,1,Male,89,4,1,Sales Executive,1,Married,4637,20711,0,Y,Yes,14,3,2,80,1,20,4,2,0,0,0,0
22,No,Travel_Frequently,1442,Research & Development,14,3,Medical,1,866,4,Male,55,2,2,Laboratory Technician,2,Divorced,5300,7569,2,Y,No,15,4,4,80,1,1,2,3,1,0,0,0
42,No,Travel_Rarely,754,Sales,2,4,Marketing,1,867,3,Male,38,3,2,Manager,1,Married,7018,25228,4,Y,Yes,11,3,3,80,0,22,4,3,2,1,0,1
48,Yes,Travel_Rarely,1215,Research & Development,29,1,Technical Degree,1,868,2,Male,33,3,3,Laboratory Technician,3,Married,11305,18539,4,Y,Yes,14,3,1,80,0,28,2,3,0,0,0,0
43,Yes,Travel_Rarely,162,Sales,10,4,Medical,1,869,2,Male,86,3,3,Sales Executive,2,Single,9534,12408,0,Y,No,14,3,3,80,0,21,3,1,15,6,6,14
57,No,Non-Travel,696,Research & Development,10,3,Life Sciences,1,870,1,Female,74,3,4,Research Director,2,Married,13349,13437,4,Y,Yes,16,3,4,80,0,36,2,3,0,0,0,0
45,No,Travel_Rarely,999,Research & Development,1,2,Other,1,871,3,Male,96,3,3,Laboratory Technician,3,Married,9434,9432,2,Y,Yes,16,3,4,80,0,22,2,3,1,0,0,0
34,No,Travel_Rarely,894,Research & Development,1,4,Medical,1,872,2,Female,96,4,3,Healthcare Representative,1,Married,9055,14596,1,Y,No,11,3,3,80,2,12,3,3,3,2,1,1
33,No,Travel_Rarely,550,Research & Development,8,5,Technical Degree,1,873,3,Female,89,3,4,Manager,4,Married,12692,4749,4,Y,Yes,12,3,3,80,0,11,1,3,1,0,0,0
47,No,Travel_Rarely,325,Research & Development,2,3,Technical Degree,1,874,3,Male,35,2,3,Healthcare Representative,2,Married,9151,11472,2,Y,No,11,3,4,80,0,25,3,3,6,2,2,4
40,Yes,Travel_Rarely,387,Sales,4,1,Life Sciences,1,875,3,Male,78,3,1,Sales Representative,1,Divorced,5535,9424,1,Y,No,15,3,4,80,1,18,3,1,0,0,0,0
40,No,Travel_Rarely,992,Research & Development,1,4,Other,1,876,4,Female,51,3,2,Research Director,1,Married,7148,20513,3,Y,Yes,22,3,2,80,1,19,0,2,0,0,0,0
39,No,Travel_Frequently,309,Research & Development,10,3,Medical,1,877,1,Female,41,3,2,Research Scientist,4,Married,7984,6777,3,Y,No,17,4,4,80,0,16,6,3,2,1,1,0
39,No,Travel_Rarely,319,Research & Development,8,4,Medical,1,878,4,Male,61,3,2,Laboratory Technician,3,Married,7070,16755,0,Y,No,11,3,4,80,0,16,4,3,2,0,0,1
36,No,Travel_Rarely,1131,Human Resources,13,4,Other,1,879,3,Male,58,1,3,Human Resources,1,Divorced,8204,11958,1,Y,No,14,3,4,80,0,15,2,3,1,0,0,0
18,Yes,Travel_Rarely,402,Research & Development,3,1,Medical,1,880,4,Male,33,3,2,Manager,1,Married,5230,21529,5,Y,No,17,3,2,80,0,0,5,3,1,0,0,0
41,Yes,Travel_Rarely,1391,Research & Development,12,2,Technical Degree,1,881,4,Female,92,3,2,Research Scientist,3,Divorced,7375,20628,2,Y,No,20,3,4,80,0,18,3,3,1,0,0,0
34,No,Travel_Rarely,1324,Research & Development,2,4,Life Sciences,1,882,3,Female,55,1,4,Laboratory Technician,3,Single,11160,10198,6,Y,No,12,3,1,80,2,11,3,3,0,0,0,0
45,Yes,Travel_Rarely,175,Research & Development,15,3,Medical,1,883,1,Male,50,3,3,Healthcare Representative,1,Divorced,10336,3654,0,Y,Yes,11,3,3,80,1,25,3,3,5,3,2,4
41,No,Travel_Rarely,870,Research & Development,4,1,Life Sciences,1,884,3,Male,67,3,5,Manufacturing Director,3,Divorced,14924,25503,2,Y,No,11,4,3,80,0,18,1,3,3,2,0,2
26,No,Travel_Frequently,676,Sales,3,3,Other,1,885,4,Male,33,3,5,Manager,3,Single,13006,20297,0,Y,No,16,4,3,80,1,4,1,3,0,0,0,0
35,No,Travel_Rarely,617,Sales,15,3,Marketing,1,886,3,Female,94,2,3,Sales Representative,3,Single,10130,6539,3,Y,No,17,3,2,80,2,14,1,3,5,2,0,2
35,No,Travel_Rarely,975,Research & Development,1,3,Technical Degree,1,887,3,Male,31,3,1,Research Scientist,4,Single,3650,14903,1,Y,No,12,3,3,80,2,15,1,3,1,0,0,0
34,No,Travel_Rarely,456,Human Resources,16,4,Other,1,888,4,Female,37,2,5,Manager,2,Married,13971,13654,6,Y,No,15,4,4,80,1,14,5,3,7,6,1,3
37,No,Travel_Rarely,187,Research & Development,1,3,Technical Degree,1,889,3,Female,69,3,3,Manager,4,Married,7740,17596,0,Y,No,15,3,2,80,0,16,3,2,6,4,2,3
46,No,Travel_Frequently,670,Research & Development,6,4,Technical Degree,1,890,3,Male,91,3,2,Manufacturing Director,1,Married,8971,24963,1,Y,No,16,3,4,80,0,25,4,4,7,4,1,6
46,No,Travel_Frequently,1041,Sales,8,3,Other,1,891,1,Male,75,2,4,Sales Representative,3,Single,13080,10098,2,Y,No,15,3,3,80,3,25,6,3,19,5,3,6
43,Yes,Travel_Rarely,272,Research & Development,28,2,Life Sciences,1,892,2,Male,75,2,2,Manager,2,Divorced,7501,10902,2,Y,No,16,3,3,80,2,23,1,2,0,0,0,0
38,No,Travel_Rarely,732,Research & Development,2,3,Medical,1,893,2,Male,55,1,2,Manager,4,Single,7574,25139,6,Y,No,15,3,2,80,0,17,3,3,0,0,0,0
36,No,Travel_Rarely,969,Research & Development,1,4,Life Sciences,1,894,3,Female,83,2,4,Research Scientist,2,Married,12272,19148,1,Y,Yes,12,3,3,80,0,13,2,3,4,3,0,1
41,No,Travel_Rarely,1285,Research & Development,3,3,Life Sciences,1,895,4,Male,92,2,2,Research Director,4,Married,7592,25159,3,Y,No,11,3,1,80,0,21,3,3,16,7,6,15
30,No,Travel_Frequently,773,Research & Development,2,3,Medical,1,896,2,Female,93,2,3,Research Director,2,Divorced,8340,23483,3,Y,No,14,3,1,80,0,9,4,3,3,1,0,2
31,No,Travel_Rarely,1324,Sales,7,3,Other,1,897,1,Female,51,3,5,Manager,3,Married,12801,20431,0,Y,No,17,3,4,80,0,8,1,3,0,0,0,0
51,No,Travel_Rarely,444,Research & Development,5,1,Other,1,898,3,Female,64,1,4,Healthcare Representative,4,Married,12060,8558,5,Y,No,14,3,1,80,2,29,2,3,6,4,0,3
42,Yes,Travel_Rarely,319,Sales,6,5,Marketing,1,899,3,Male,88,2,4,Sales Executive,3,Single,13555,17799,2,Y,Yes,11,3,4,80,1,19,1,1,5,1,2,4
38,Yes,Travel_Rarely,1036,Sales,4,3,Other,1,900,4,Male,47,4,1,Sales Representative,4,Married,2975,18817,1,Y,Yes,11,4,1,80,1,15,1,2,12,10,2,6
42,No,Travel_Rarely,1238,Sales,1,4,Marketing,1,901,3,Female,91,3,4,Sales Representative,4,Divorced,10850,12560,8,Y,Yes,16,3,4,80,1,21,2,3,5,2,2,3
49,Yes,Non-Travel,1346,Sales,16,3,Life Sciences,1,902,4,Male,72,3,1,Manager,4,Married,7682,13991,0,Y,No,13,3,1,80,0,29,2,3,11,7,0,8
48,Yes,Travel_Frequently,196,Sales,26,2,Life Sciences,1,903,4,Female,86,3,2,Sales Executive,3,Married,7888,6214,3,Y,No,18,3,2,80,1,26,1,2,6,1,1,5
45,No,Non-Travel,1341,Research & Development,7,2,Life Sciences,1,904,1,Male,92,3,5,Laboratory Technician,4,Married,13668,21969,1,Y,No,17,3,3,80,0,23,4,2,4,3,0,3
48,No,Travel_Rarely,699,Research & Development,22,5,Other,1,905,4,Male,71,2,5,Laboratory Technician,4,Divorced,13311,10242,2,Y,Yes,11,3,1,80,0,27,5,3,5,2,0,4
39,No,Travel_Rarely,743,Human Resources,5,3,Human Resources,1,906,4,Male,55,3,3,Manager,3,Married,7906,9749,3,Y,No,13,3,3,80,1,19,5,4,1,0,0,0
38,No,Travel_Frequently,941,Research & Development,9,4,Life Sciences,1,907,2,Male,89,2,1,Laboratory Technician,4,Married,4592,13310,4,Y,No,11,3,3,80,0,15,5,3,6,4,1,4
19,No,Non-Travel,265,Research & Development,6,4,Medical,1,908,4,Male,60,3,2,Healthcare Representative,4,Single,6035,15233,3,Y,No,13,4,2,80,1,0,1,3,0,0,0,0
43,No,Travel_Rarely,652,Research & Development,3,4,Medical,1,909,4,Male,95,4,2,Manager,3,Single,8090,8664,1,Y,No,18,3,1,80,1,21,1,2,1,0,0,0
38,No,Travel_Rarely,999,Sales,3,3,Medical,1,910,3,Female,58,1,5,Sales Executive,2,Single,14799,17494,2,Y,No,13,3,2,80,0,18,3,3,1,0,0,0
27,No,Travel_Frequently,539,Research & Development,2,1,Technical Degree,1,911,4,Male,40,3,2,Laboratory Technician,3,Divorced,5919,19314,3,Y,No,11,3,3,80,1,7,3,1,7,2,1,4
37,No,Travel_Rarely,209,Research & Development,13,1,Medical,1,912,3,Male,60,3,2,Manager,2,Married,4722,25309,3,Y,No,11,3,3,80,1,17,2,3,5,3,0,2
36,No,Travel_Rarely,1276,Research & Development,6,3,Technical Degree,1,913,2,Female,41,2,1,Manager,3,Single,4294,7028,3,Y,No,21,3,3,80,0,14,3,2,7,3,2,2
45,No,Travel_Frequently,1073,Research & Development,11,3,Other,1,914,2,Male,33,3,2,Laboratory Technician,3,Married,8763,7540,0,Y,Yes,11,3,3,80,3,24,1,3,20,11,7,16
38,No,Travel_Rarely,1133,Research & Development,4,4,Technical Degree,1,915,4,Male,66,2,5,Research Director,3,Married,13639,26741,2,Y,No,11,3,3,80,0,17,3,3,1,0,0,0
35,Yes,Travel_Frequently,510,Sales,1,2,Medical,1,916,1,Male,79,3,3,Sales Executive,4,Single,8294,12178,0,Y,Yes,15,3,1,80,0,14,2,3,0,0,0,0
38,No,Travel_Frequently,552,Human Resources,14,2,Life Sciences,1,917,1,Male,76,3,1,Human Resources,1,Married,4738,26528,6,Y,No,13,3,1,80,2,17,2,3,2,1,0,0
33,No,Travel_Rarely,149,Sales,12,4,Medical,1,918,4,Female,95,3,2,Sales Executive,3,Single,5202,8321,5,Y,Yes,13,3,1,80,2,12,3,2,8,4,0,3
53,No,Travel_Rarely,505,Research & Development,1,1,Medical,1,919,2,Female,71,3,5,Research Director,2,Divorced,14035,24711,6,Y,No,15,3,4,80,0,30,2,4,5,4,0,2
42,No,Travel_Rarely,1378,Research & Development,4,4,Life Sciences,1,920,1,Female,74,3,3,Manufacturing Director,3,Single,8649,11473,1,Y,No,11,3,2,80,0,22,1,4,1,0,0,0
33,No,Travel_Rarely,981,Sales,5,4,Other,1,921,2,Female,38,3,3,Sales Representative,2,Married,9126,20704,1,Y,No,17,3,2,80,0,11,1,2,0,0,0,0
30,No,Travel_Rarely,1417,Research & Development,1,1,Technical Degree,1,922,4,Male,30,1,3,Research Director,1,Married,7293,17129,2,Y,No,11,3,4,80,0,9,3,3,3,1,1,1
27,No,Travel_Frequently,856,Sales,1,3,Medical,1,923,4,Male,42,3,4,Sales Executive,4,Married,10292,6411,0,Y,Yes,11,3,3,80,1,6,0,3,1,0,0,0
47,No,Travel_Rarely,706,Research & Development,8,2,Life Sciences,1,924,1,Male,94,3,5,Manufacturing Director,4,Divorced,14477,5633,1,Y,Yes,11,3,4,80,0,25,3,1,0,0,0,0
24,No,Travel_Rarely,206,Research & Development,4,3,Life Sciences,1,925,2,Male,45,3,4,Research Director,4,Married,8937,21044,1,Y,No,20,3,1,80,1,2,0,2,2,1,0,0
46,No,Non-Travel,1023,Research & Development,4,4,Life Sciences,1,926,3,Male,43,1,3,Healthcare Representative,4,Married,11804,20348,3,Y,Yes,11,3,3,80,1,24,3,3,11,3,2,6
33,No,Travel_Frequently,1417,Sales,1,3,Life Sciences,1,927,2,Female,64,2,2,Sales Executive,3,Married,7849,15067,0,Y,Yes,16,3,1,80,3,12,0,3,2,1,0,0
44,No,Travel_Rarely,763,Sales,7,3,Other,1,928,3,Female,77,2,3,Sales Executive,3,Single,9503,21421,3,Y,No,13,3,1,80,1,21,2,3,0,0,0,0
32,No,Non-Travel,586,Sales,1,3,Other,1,929,3,Male,55,3,2,Sales Executive,4,Divorced,5971,4123,2,Y,No,19,4,3,80,1,9,2,3,3,2,0,2
47,No,Travel_Frequently,953,Research & Development,3,3,Technical Degree,1,930,4,Male,73,3,5,Research Director,2,Divorced,15408,10773,2,Y,Yes,11,4,2,80,0,25,2,3,5,2,1,1
31,No,Travel_Rarely,606,Research & Development,7,1,Technical Degree,1,931,4,Male,54,2,2,Manager,2,Single,7370,8185,4,Y,No,14,3,3,80,1,9,5,3,6,3,0,4
20,No,Travel_Rarely,359,Human Resources,11,2,Life Sciences,1,932,4,Female,73,3,2,Manager,2,Married,4914,23765,3,Y,No,13,4,3,80,1,0,4,3,0,0,0,0
24,No,Travel_Frequently,870,Sales,18,3,Medical,1,933,4,Female,42,3,2,Sales Executive,3,Divorced,5134,13151,4,Y,Yes,11,3,3,80,0,3,5,2,3,2,0,1
30,No,Travel_Rarely,1357,Sales,23,2,Other,1,934,4,Male,69,3,4,Sales Executive,4,Divorced,11256,21834,2,Y,Yes,11,3,4,80,1,7,2,3,7,6,2,6
24,No,Travel_Frequently,304,Research & Development,10,3,Medical,1,935,3,Female,44,3,2,Healthcare Representative,1,Divorced,5090,14245,6,Y,No,19,3,3,80,2,2,4,2,2,1,1,1
41,No,Travel_Rarely,1436,Research & Development,6,1,Technical Degree,1,936,3,Male,85,3,3,Research Scientist,3,Single,9303,5962,1,Y,No,14,3,4,80,1,19,4,2,1,0,0,0
34,No,Travel_Rarely,123,Research & Development,2,2,Other,1,937,2,Female,52,2,4,Healthcare Representative,2,Married,11683,4217,2,Y,No,12,3,3,80,1,13,4,3,9,3,3,4
35,No,Travel_Rarely,412,Sales,1,5,Marketing,1,938,1,Female,60,3,1,Sales Executive,4,Divorced,3633,22256,1,Y,Yes,15,3,3,80,0,13,3,3,11,5,0,7
41,Yes,Travel_Rarely,706,Sales,8,4,Other,1,939,2,Female,81,4,3,Manager,3,Single,10222,10160,6,Y,Yes,11,3,4,80,0,21,6,2,3,2,0,1
42,No,Travel_Rarely,1080,Research & Development,5,3,Life Sciences,1,940,4,Female,44,3,4,Manufacturing Director,1,Married,11539,16783,1,Y,No,13,3,3,80,0,20,2,1,0,0,0,0
38,No,Travel_Rarely,1219,Research & Development,1,2,Life Sciences,1,941,4,Male,87,2,4,Healthcare Representative,3,Married,11906,14394,1,Y,No,15,4,4,80,1,18,5,4,2,1,0,1
48,No,Travel_Rarely,664,Sales,4,3,Other,1,942,4,Female,71,3,4,Sales Executive,3,Single,13324,16852,3,Y,No,11,3,2,80,0,27,4,3,6,3,3,5
44,No,Travel_Rarely,283,Research & Development,5,3,Medical,1,943,3,Male,67,2,5,Healthcare Representative,4,Divorced,14987,20255,4,Y,No,12,3,1,80,1,23,5,3,5,2,0,4
39,No,Travel_Rarely,347,Research & Development,29,3,Medical,1,944,3,Male,39,3,3,Research Director,3,Single,9507,20421,0,Y,No,11,3,2,80,1,17,4,2,2,0,0,0
43,No,Travel_Rarely,759,Research & Development,8,3,Other,1,945,1,Male,78,2,3,Manager,1,Married,10143,7682,4,Y,No,17,3,1,80,0,22,2,3,0,0,0,0
24,No,Travel_Frequently,256,Sales,5,3,Other,1,946,4,Male,77,3,1,Sales Representative,1,Divorced,3944,7700,1,Y,No,17,3,4,80,0,4,2,3,4,3,0,3
43,No,Travel_Rarely,702,Research & Development,10,1,Technical Degree,1,947,3,Male,32,2,1,Research Scientist,3,Divorced,6312,19287,2,Y,No,15,3,4,80,0,23,4,2,4,1,1,1
37,No,Travel_Rarely,1158,Research & Development,17,1,Medical,1,948,1,Female,42,2,5,Research Director,3,Divorced,14582,10853,1,Y,Yes,17,3,3,80,3,14,3,3,0,0,0,0
30,No,Non-Travel,931,Research & Development,19,5,Life Sciences,1,949,3,Male,77,3,2,Research Scientist,3,Single,4714,20256,2,Y,Yes,13,4,4,80,0,7,2,3,1,0,0,0
50,No,Travel_Rarely,1140,Research & Development,1,1,Life Sciences,1,950,1,Female,99,3,4,Manufacturing Director,3,Single,11625,15638,4,Y,No,15,3,1,80,2,30,2,3,13,10,4,10
37,No,Travel_Rarely,1389,Sales,4,1,Other,1,951,3,Male,80,3,3,Manager,2,Married,9349,16660,5,Y,No,11,3,4,80,0,15,3,3,1,0,0,0
30,No,Travel_Frequently,137,Sales,4,4,Other,1,952,2,Male,45,3,1,Sales Representative,1,Married,3269,3012,2,Y,Yes,24,3,4,80,2,9,6,2,7,5,2,2
31,No,Travel_Rarely,731,Research & Development,4,4,Other,1,953,4,Male,31,3,5,Research Scientist,2,Single,14204,18684,3,Y,No,15,3,1,80,1,9,4,3,1,0,0,0
36,No,Travel_Rarely,495,Research & Development,6,3,Technical Degree,1,954,4,Female,75,2,3,Manager,3,Married,8570,22534,3,Y,No,18,3,3,80,0,16,4,3,1,0,0,0
55,Yes,Travel_Frequently,842,Research & Development,14,4,Other,1,955,3,Male,80,3,3,Healthcare Representative,1,Single,11758,21322,4,Y,No,13,3,3,80,1,34,2,3,4,2,0,2
46,No,Travel_Rarely,989,Research & Development,1,4,Other,1,956,4,Female,47,3,5,Research Scientist,2,Single,14557,21618,2,Y,No,19,3,3,80,0,26,3,3,2,1,1,1
33,Yes,Travel_Rarely,1274,Sales,6,3,Medical,1,957,1,Male,83,3,4,Manager,1,Married,11082,6396,2,Y,No,11,3,1,80,1,10,4,3,2,0,0,1
38,No,Travel_Rarely,1462,Research & Development,3,4,Technical Degree,1,958,3,Male,63,3,4,Manager,4,Married,11508,5161,5,Y,No,14,3,3,80,1,15,2,3,3,2,1,1
40,No,Travel_Rarely,1032,Research & Development,4,3,Medical,1,959,4,Female,82,3,3,Healthcare Representative,2,Single,9369,3602,2,Y,Yes,17,3,4,80,0,18,2,3,1,0,0,0
22,No,Travel_Rarely,1137,Research & Development,1,1,Life Sciences,1,960,1,Female,43,3,3,Healthcare Representative,4,Single,7543,11820,2,Y,Yes,17,3,3,80,1,1,4,3,0,0,0,0
50,No,Travel_Rarely,829,Research & Development,11,4,Technical Degree,1,961,1,Male,84,2,2,Manager,1,Married,9231,5733,2,Y,No,15,4,4,80,1,29,3,3,4,1,1,2
41,No,Travel_Rarely,357,Sales,2,3,Life Sciences,1,962,4,Female,82,3,4,Sales Executive,4,Married,12162,20616,4,Y,Yes,11,3,3,80,0,20,2,3,2,1,0,0
29,No,Travel_Rarely,454,Sales,4,2,Marketing,1,963,1,Male,44,3,3,Sales Executive,3,Single,9183,8542,3,Y,No,13,3,3,80,2,6,4,3,4,3,0,2
32,Yes,Travel_Rarely,220,Research & Development,6,1,Other,1,964,2,Male,91,1,4,Research Director,1,Divorced,10352,10899,5,Y,Yes,11,3,4,80,0,12,3,3,3,2,0,1
46,No,Travel_Frequently,694,Research & Development,8,2,Technical Degree,1,965,3,Female,32,3,1,Laboratory Technician,4,Married,4816,15988,1,Y,No,18,3,3,80,1,23,3,4,0,0,0,0
60,No,Travel_Rarely,739,Research & Development,1,1,Medical,1,966,3,Male,46,2,3,Manager,2,Married,12066,18135,2,Y,No,16,3,3,80,0,38,2,2,3,2,0,2
24,No,Travel_Rarely,1005,Research & Development,7,3,Life Sciences,1,967,4,Female,41,3,3,Research Director,1,Single,8433,8355,4,Y,No,14,3,3,80,0,2,4,3,2,0,0,1
51,Yes,Travel_Rarely,157,Research & Development,4,4,Other,1,968,2,Male,97,3,1,Research Scientist,2,Married,6480,16808,1,Y,No,15,3,2,80,0,31,1,3,1,0,0,0
45,No,Travel_Rarely,713,Sales,1,3,Other,1,969,2,Female,58,2,4,Sales Executive,3,Married,11760,19726,1,Y,Yes,16,3,4,80,0,25,0,3,1,0,0,0
40,No,Travel_Frequently,400,Sales,7,4,Marketing,1,970,4,Male,39,2,4,Sales Representative,1,Married,12142,21576,3,Y,Yes,16,3,4,80,0,17,3,4,0,0,0,0
44,No,Travel_Rarely,267,Research & Development,1,2,Life Sciences,1,971,2,Male,49,3,3,Research Director,4,Divorced,8350,10413,2,Y,No,11,4,4,80,1,23,3,4,2,1,0,1
39,No,Travel_Rarely,926,Research & Development,4,3,Medical,1,972,2,Male,62,3,4,Manager,4,Married,12044,13205,5,Y,No,16,3,4,80,1,18,3,3,3,1,0,1
40,No,Travel_Frequently,1271,Research & Development,2,1,Technical Degree,1,973,1,Female,81,1,2,Manufacturing Director,4,Married,6432,2629,3,Y,No,12,3,4,80,1,20,5,2,1,0,0,0
32,No,Travel_Rarely,966,Research & Development,21,2,Other,1,974,2,Male,44,1,1,Manager,4,Divorced,3441,3565,2,Y,No,16,3,3,80,0,10,3,3,2,1,0,0
23,No,Travel_Frequently,604,Research & Development,2,3,Technical Degree,1,975,1,Female,90,3,3,Healthcare Representative,1,Married,8063,20049,1,Y,Yes,19,3,4,80,0,2,0,3,2,0,0,1
24,No,Travel_Rarely,757,Research & Development,11,5,Life Sciences,1,976,4,Female,97,2,1,Research Scientist,2,Married,4740,9551,4,Y,Yes,14,3,2,80,0,3,2,1,3,1,0,2
21,No,Travel_Frequently,499,Research & Development,5,2,Other,1,977,3,Female,46,3,1,Manager,1,Divorced,4398,19965,4,Y,Yes,16,3,1,80,2,0,4,3,1,0,0,0
34,No,Travel_Rarely,1400,Sales,2,3,Other,1,978,1,Male,80,2,4,Sales Representative,3,Married,11662,13200,3,Y,No,17,3,3,80,1,13,1,4,3,2,1,1
32,No,Travel_Rarely,1041,Research & Development,10,1,Life Sciences,1,979,1,Male,30,3,3,Research Scientist,3,Married,8048,17638,4,Y,No,17,4,4,80,2,9,0,2,5,4,2,3
31,No,Travel_Rarely,606,Sales,17,3,Life Sciences,1,980,2,Male,34,3,2,Manager,3,Single,6249,21132,1,Y,No,17,3,1,80,1,11,2,3,0,0,0,0
53,Yes,Travel_Rarely,1103,Research & Development,3,2,Other,1,981,4,Male,51,2,1,Research Scientist,3,Single,4966,23197,2,Y,Yes,17,3,3,80,2,33,3,1,1,0,0,0
33,No,Travel_Frequently,475,Research & Development,4,3,Life Sciences,1,982,1,Male,39,3,2,Healthcare Representative,3,Married,5833,23805,2,Y,No,14,3,1,80,0,10,2,3,1,0,0,0
34,No,Travel_Rarely,784,Research & Development,8,2,Life Sciences,1,983,3,Male,58,2,4,Research Scientist,4,Single,11706,16633,1,Y,No,11,3,3,80,1,12,4,3,0,0,0,0
40,No,Travel_Rarely,800,Research & Development,11,4,Medical,1,984,3,Female,48,1,3,Laboratory Technician,3,Divorced,9977,7708,1,Y,No,14,3,3,80,0,20,4,3,6,3,2,5
36,No,Travel_Rarely,1029,Sales,6,2,Medical,1,985,3,Male,84,4,3,Manager,3,Married,10795,13194,2,Y,No,14,3,2,80,2,13,6,3,2,1,0,1
31,No,Travel_Rarely,935,Sales,7,4,Medical,1,986,1,Female,57,3,3,Sales Executive,4,Single,9454,25573,6,Y,No,11,3,3,80,1,11,2,4,11,3,3,5
42,No,Travel_Rarely,1048,Research & Development,10,3,Medical,1,987,4,Female,99,2,4,Manufacturing Director,3,Divorced,11687,6456,2,Y,No,15,3,2,80,0,19,2,3,16,8,6,6
32,No,Travel_Rarely,1494,Research & Development,13,4,Technical Degree,1,988,4,Male,39,3,3,Manufacturing Director,2,Married,9043,3609,2,Y,No,17,3,4,80,0,10,1,3,7,5,0,5
32,No,Travel_Frequently,1413,Research & Development,10,3,Other,1,989,4,Male,74,3,3,Healthcare Representative,3,Single,8757,8421,0,Y,No,14,3,3,80,1,10,4,3,6,5,2,4
36,No,Travel_Rarely,1337,Sales,3,1,Other,1,990,1,Male,83,2,3,Manager,3,Single,10525,5803,3,Y,Yes,14,3,2,80,1,16,5,3,9,3,0,4
60,No,Travel_Rarely,502,Human Resources,12,4,Human Resources,1,991,3,Male,33,4,3,Manager,3,Divorced,10340,7065,1,Y,No,12,3,4,80,1,39,5,4,5,4,0,1
31,No,Travel_Rarely,1494,Sales,1,3,Life Sciences,1,992,3,Male,78,3,2,Manager,4,Divorced,5891,9157,5,Y,No,11,3,1,80,0,10,4,2,5,3,2,2
45,No,Travel_Rarely,650,Research & Development,9,2,Technical Degree,1,993,1,Male,59,3,4,Manager,2,Single,11053,9315,1,Y,No,12,3,4,80,0,23,3,1,4,1,0,1
36,No,Travel_Rarely,1339,Sales,12,3,Other,1,994,4,Male,34,3,2,Sales Executive,1,Married,6550,20553,2,Y,No,17,3,1,80,1,15,4,2,3,1,1,2
36,Yes,Travel_Rarely,371,Research & Development,7,2,Other,1,995,3,Female,45,3,5,Manufacturing Director,1,Single,14421,16158,3,Y,No,16,3,4,80,2,15,5,3,7,3,4,2
54,No,Travel_Rarely,762,Research & Development,5,3,Life Sciences,1,996,4,Male,61,3,1,Healthcare Representative,2,Single,8392,11321,3,Y,Yes,14,3,4,80,0,34,2,3,6,4,1,5
37,No,Travel_Frequently,391,Research & Development,6,4,Life Sciences,1,997,2,Female,77,3,2,Manufacturing Director,1,Single,7001,11406,4,Y,No,25,3,2,80,1,17,3,3,11,5,4,5
51,No,Travel_Rarely,229,Research & Development,19,5,Life Sciences,1,998,4,Male,61,3,3,Research Director,3,Single,9026,16781,2,Y,No,15,3,3,80,1,30,1,3,5,1,2,2
30,No,Non-Travel,507,Research & Development,1,4,Medical,1,999,3,Male,50,3,1,Laboratory Technician,3,Married,3114,12965,5,Y,No,13,4,3,80,2,10,1,3,10,3,0,3
37,No,Travel_Frequently,169,Human Resources,1,2,Human Resources,1,1000,3,Female,84,1,5,Human Resources,4,Divorced,12838,3451,3,Y,No,15,3,1,80,0,15,4,3,8,3,0,6
38,No,Travel_Frequently,820,Sales,1,3,Other,1,1001,2,Male,61,3,3,Sales Representative,4,Married,8963,20338,5,Y,Yes,22,3,1,80,0,18,5,2,12,5,6,4
41,No,Travel_Rarely,1028,Research & Development,12,1,Other,1,1002,1,Male,82,3,5,Manufacturing Director,4,Single,14463,8074,0,Y,No,17,3,3,80,1,19,2,3,14,7,6,7
37,No,Travel_Rarely,641,Research & Development,5,3,Other,1,1003,3,Female,77,2,2,Manufacturing Director,1,Married,6309,14632,3,Y,No,18,3,1,80,0,14,6,4,2,1,0,0
33,No,Travel_Rarely,614,Sales,12,3,Other,1,1004,4,Male,41,3,4,Sales Executive,2,Divorced,11524,5019,3,Y,No,18,4,1,80,1,13,4,3,11,6,5,7
28,No,Travel_Rarely,783,Sales,4,3,Medical,1,1005,4,Male,41,3,3,Manager,4,Single,5406,5538,5,Y,No,19,3,4,80,1,5,2,3,5,4,0,1
37,Yes,Travel_Rarely,419,Research & Development,1,3,Life Sciences,1,1006,3,Male,55,3,5,Research Scientist,4,Married,13765,5307,7,Y,No,17,3,1,80,1,15,2,2,2,1,0,1
38,No,Non-Travel,1372,Human Resources,7,3,Human Resources,1,1007,2,Male,30,3,5,Manager,3,Married,14185,11262,2,Y,No,14,3,1,80,1,15,3,2,5,4,2,3
35,Yes,Travel_Rarely,450,Research & Development,1,3,Medical,1,1008,4,Female,96,3,4,Healthcare Representative,2,Single,10663,4184,3,Y,No,13,3,2,80,0,12,4,1,0,0,0,0
37,No,Travel_Frequently,1292,Research & Development,1,3,Technical Degree,1,1009,1,Male,56,3,2,Healthcare Representative,2,Divorced,7608,15098,5,Y,Yes,11,3,3,80,2,14,1,4,6,3,3,2
40,No,Travel_Rarely,1029,Research & Development,8,1,Other,1,1010,3,Female,97,3,5,Research Director,3,Married,16079,25237,3,Y,No,18,3,4,80,3,18,1,3,8,4,4,7
36,No,Travel_Rarely,793,Research & Development,4,1,Technical Degree,1,1011,3,Male,90,4,2,Laboratory Technician,2,Married,5285,9174,1,Y,Yes,11,3,4,80,1,15,3,3,1,0,0,0
27,Yes,Travel_Frequently,956,Research & Development,6,3,Other,1,1012,4,Male,85,3,1,Manager,4,Single,4667,9499,0,Y,No,13,3,3,80,1,4,5,4,2,0,1,0
47,No,Travel_Rarely,616,Research & Development,17,4,Other,1,1013,1,Female,61,3,5,Research Scientist,3,Single,14486,13614,3,Y,No,21,4,4,80,0,26,4,3,1,0,0,0
38,No,Travel_Rarely,549,Research & Development,14,3,Life Sciences,1,1014,3,Female,46,4,2,Healthcare Representative,4,Married,6831,25551,0,Y,No,13,3,2,80,1,18,2,3,18,8,3,8
47,No,Travel_Rarely,285,Sales,12,3,Marketing,1,1015,3,Female,68,4,2,Manager,1,Married,9396,24445,3,Y,Yes,15,3,1,80,1,24,4,3,13,8,1,6
32,Yes,Travel_Frequently,1356,Research & Development,29,1,Other,1,1016,2,Male,36,4,4,Manufacturing Director,4,Married,11257,20570,0,Y,No,18,3,1,80,1,10,6,3,4,3,0,3
42,Yes,Travel_Rarely,277,Research & Development,12,1,Technical Degree,1,1017,3,Female,86,3,3,Manager,4,Married,11250,24980,2,Y,No,16,3,3,80,1,21,5,2,0,0,0,0
34,Yes,Non-Travel,368,Sales,25,4,Medical,1,1018,2,Male,56,3,3,Sales Representative,4,Divorced,7793,3778,6,Y,Yes,15,3,2,80,1,12,2,1,1,0,0,0
41,No,Travel_Rarely,1013,Research & Development,25,2,Life Sciences,1,1019,1,Female,89,3,3,Research Director,3,Single,10421,2534,2,Y,No,14,3,4,80,0,20,1,4,18,9,4,5
27,No,Travel_Rarely,421,Research & Development,2,3,Life Sciences,1,1020,3,Male,37,1,2,Research Director,4,Single,5498,21173,4,Y,No,15,4,3,80,1,4,3,2,1,0,0,0
46,Yes,Non-Travel,1324,Research & Development,1,5,Life Sciences,1,1021,3,Male,74,3,4,Laboratory Technician,1,Divorced,12131,16154,5,Y,Yes,11,3,3,80,0,25,6,2,0,0,0,0
33,No,Travel_Rarely,379,Research & Development,1,2,Medical,1,1022,1,Female,70,3,2,Manufacturing Director,4,Single,5779,20928,5,Y,No,15,3,3,80,1,12,4,4,3,1,1,0
36,No,Travel_Rarely,1221,Research & Development,23,1,Life Sciences,1,1023,1,Female,40,3,2,Laboratory Technician,3,Married,6487,7617,2,Y,No,15,3,3,80,1,16,5,2,1,0,0,0
44,No,Travel_Rarely,632,Sales,13,3,Life Sciences,1,1024,3,Female,97,1,1,Sales Representative,1,Divorced,5239,14906,2,Y,No,11,3,4,80,2,23,5,2,5,2,2,4
46,No,Travel_Frequently,430,Human Resources,6,4,Life Sciences,1,1025,4,Male,92,1,5,Manager,1,Married,14093,17867,5,Y,No,11,3,3,80,0,23,3,3,1,0,0,0
45,No,Travel_Rarely,1389,Sales,8,2,Life Sciences,1,1026,3,Female,61,3,3,Sales Executive,1,Married,8472,26944,6,Y,No,15,4,4,80,1,23,4,3,1,0,0,0
34,No,Travel_Rarely,619,Research & Development,1,3,Technical Degree,1,1027,1,Male,59,1,2,Manager,2,Married,5992,26820,3,Y,No,12,3,1,80,1,11,2,3,5,4,1,2
39,No,Non-Travel,102,Sales,2,3,Life Sciences,1,1028,3,Male,46,3,1,Manager,1,Single,6083,23421,3,Y,Yes,18,3,3,80,1,18,4,1,18,17,8,12
30,No,Travel_Rarely,135,Research & Development,1,3,Technical Degree,1,1029,2,Male,97,3,3,Manufacturing Director,3,Divorced,10017,15956,3,Y,Yes,17,3,3,80,0,10,3,4,2,0,0,1
45,No,Travel_Rarely,633,Sales,3,5,Marketing,1,1030,2,Male,87,3,4,Manager,4,Single,11727,15931,3,Y,No,12,3,2,80,1,22,3,3,0,0,0,0
18,Yes,Travel_Frequently,781,Research & Development,1,3,Life Sciences,1,1031,3,Female,83,3,3,Manager,4,Single,7132,26027,2,Y,No,16,3,4,80,0,0,3,3,1,0,0,0
46,No,Travel_Rarely,938,Research & Development,18,3,Life Sciences,1,1032,4,Female,50,3,5,Research Director,4,Married,15217,17456,3,Y,No,11,4,3,80,0,24,3,3,2,1,0,1
38,No,Travel_Rarely,344,Research & Development,4,1,Life Sciences,1,1033,3,Male,69,2,3,Manager,2,Married,9369,10301,3,Y,No,17,3,4,80,1,18,3,2,4,3,1,1
34,No,Travel_Rarely,1032,Research & Development,6,1,Other,1,1034,1,Male,61,3,2,Healthcare Representative,2,Married,5721,17294,2,Y,No,11,3,2,80,0,11,4,2,3,1,0,2
56,No,Travel_Rarely,573,Research & Development,1,1,Life Sciences,1,1035,4,Male,95,1,1,Manufacturing Director,2,Married,6343,5274,4,Y,No,16,3,4,80,1,36,0,2,4,3,2,3
32,No,Travel_Frequently,1467,Research & Development,22,3,Medical,1,1036,3,Male,68,2,4,Laboratory Technician,4,Single,12651,10191,2,Y,No,11,4,3,80,1,11,5,3,2,1,0,1
35,No,Travel_Rarely,828,Research & Development,4,1,Other,1,1037,1,Male,84,3,5,Healthcare Representative,4,Married,13934,14358,7,Y,No,17,4,3,80,2,15,1,3,3,2,0,2
41,No,Non-Travel,202,Research & Development,14,3,Other,1,1038,1,Male,58,2,2,Laboratory Technician,1,Single,6317,19225,4,Y,No,15,3,1,80,0,19,1,3,2,1,0,0
36,No,Travel_Rarely,1236,Sales,6,3,Other,1,1039,2,Male,60,3,3,Sales Representative,4,Divorced,9622,8658,3,Y,Yes,13,3,3,80,0,13,3,2,5,2,0,2
27,No,Travel_Rarely,1350,Sales,2,3,Other,1,1040,2,Male,54,2,4,Sales Executive,1,Married,9874,9317,1,Y,No,14,3,2,80,1,6,3,2,3,1,1,1
53,No,Travel_Rarely,1147,Sales,4,3,Other,1,1041,4,Female,99,3,5,Sales Executive,3,Married,15866,21034,5,Y,No,18,3,3,80,1,32,1,3,9,4,3,4
34,No,Travel_Rarely,954,Sales,20,4,Marketing,1,1042,3,Male,42,2,3,Sales Executive,3,Divorced,10062,24999,0,Y,Yes,16,3,2,80,0,12,5,3,2,1,0,0
47,No,Travel_Rarely,674,Sales,8,2,Marketing,1,1043,4,Male,90,1,2,Sales Executive,2,Divorced,8309,23817,2,Y,Yes,17,4,1,80,1,26,4,3,2,1,0,1
18,No,Travel_Rarely,765,Research & Development,10,2,Other,1,1044,4,Male,34,3,2,Research Scientist,2,Married,5083,6384,2,Y,Yes,16,3,4,80,0,0,2,3,1,0,0,0
27,No,Travel_Rarely,578,Sales,17,3,Marketing,1,1045,2,Male,86,2,2,Sales Representative,4,Divorced,5687,15559,3,Y,No,11,4,1,80,1,5,1,3,0,0,0,0
37,Yes,Travel_Rarely,1282,Research & Development,1,3,Medical,1,1046,1,Female,59,3,1,Manager,2,Single,5160,6800,5,Y,No,18,3,4,80,0,14,4,3,1,0,0,0
36,No,Travel_Rarely,479,Sales,19,2,Life Sciences,1,1047,4,Female,63,1,4,Manager,3,Divorced,11826,8917,0,Y,No,16,3,1,80,0,13,2,1,13,4,6,11
40,Yes,Non-Travel,1246,Research & Development,3,3,Technical Degree,1,1048,4,Male,50,3,3,Research Scientist,4,Single,10514,17805,1,Y,Yes,21,3,4,80,0,18,4,2,3,0,1,1
38,No,Travel_Rarely,681,Sales,6,5,Marketing,1,1049,4,Female,51,3,4,Sales Executive,2,Single,10889,8252,1,Y,No,13,3,4,80,2,18,1,3,1,0,0,0
29,Yes,Travel_Rarely,768,Sales,20,3,Other,1,1050,3,Female,38,2,3,Sales Representative,4,Married,7321,25493,2,Y,No,11,4,3,80,1,8,6,3,0,0,0,0
18,No,Travel_Rarely,1391,Research & Development,2,3,Technical Degree,1,1051,3,Female,50,2,2,Healthcare Representative,4,Single,5034,15545,0,Y,Yes,11,3,1,80,1,0,2,4,1,0,0,0
35,Yes,Non-Travel,1292,Research & Development,4,4,Medical,1,1052,3,Male,40,3,5,Research Director,4,Single,12652,13074,2,Y,No,22,3,4,80,1,14,1,2,12,7,6,11
42,No,Travel_Rarely,348,Research & Development,29,2,Technical Degree,1,1053,4,Female,54,4,2,Laboratory Technician,4,Married,7144,10781,9,Y,No,14,3,4,80,3,21,0,2,5,2,0,4
46,Yes,Travel_Rarely,1203,Research & Development,9,3,Medical,1,1054,2,Male,35,2,1,Research Scientist,2,Single,5442,10337,1,Y,No,17,3,2,80,1,24,4,3,0,0,0,0
33,No,Travel_Rarely,836,Research & Development,10,2,Life Sciences,1,1055,4,Female,97,3,2,Research Scientist,3,Divorced,5512,20135,3,Y,No,16,3,3,80,0,11,0,4,1,0,0,0
47,Yes,Travel_Rarely,1375,Research & Development,8,3,Technical Degree,1,1056,1,Male,73,3,5,Research Director,3,Married,12505,2462,1,Y,Yes,11,3,2,80,1,24,2,3,16,14,2,9
26,No,Travel_Rarely,178,Sales,2,4,Life Sciences,1,1057,1,Male,36,3,4,Sales Representative,4,Married,10864,21344,5,Y,Yes,14,4,3,80,0,5,3,4,0,0,0,0
30,No,Travel_Rarely,654,Sales,14,3,Other,1,1058,3,Male,96,1,3,Manager,3,Single,8598,12425,0,Y,No,13,3,1,80,0,7,3,4,2,1,1,1
33,No,Travel_Rarely,417,Research & Development,13,3,Other,1,1059,4,Male,99,3,3,Manufacturing Director,2,Divorced,8000,25832,1,Y,No,22,3,4,80,1,13,4,3,1,0,0,0
42,No,Non-Travel,764,Research & Development,8,2,Life Sciences,1,1060,1,Female,87,2,1,Manufacturing Director,2,Divorced,5694,6351,3,Y,No,14,3,1,80,1,19,2,3,19,5,11,7
47,No,Travel_Rarely,1459,Research & Development,9,3,Other,1,1061,3,Male,91,3,5,Manager,3,Married,14138,10448,5,Y,No,12,3,4,80,0,27,6,4,8,7,1,3
29,No,Travel_Rarely,1427,Sales,4,1,Other,1,1062,1,Female,65,3,1,Manager,4,Single,3513,15395,0,Y,No,12,3,4,80,0,7,4,3,2,0,0,1
22,Yes,Travel_Rarely,539,Research & Development,1,2,Medical,1,1063,3,Male,74,1,1,Laboratory Technician,4,Single,3591,17117,3,Y,Yes,15,3,4,80,1,0,4,3,1,0,0,0
25,No,Travel_Rarely,395,Research & Development,5,3,Medical,1,1064,1,Male,99,2,3,Research Scientist,1,Divorced,8355,3320,2,Y,No,18,3,3,80,2,2,6,1,2,1,0,1
49,No,Travel_Rarely,1270,Research & Development,4,1,Life Sciences,1,1065,3,Female,70,2,1,Laboratory Technician,4,Divorced,6988,7886,0,Y,Yes,19,3,3,80,0,28,3,3,1,0,0,0
35,Yes,Travel_Rarely,423,Sales,2,2,Other,1,1066,1,Male,45,2,3,Sales Executive,3,Married,8508,21717,0,Y,No,17,3,2,80,0,15,2,3,5,2,2,3
42,No,Non-Travel,374,Research & Development,10,4,Medical,1,1067,4,Male,45,2,2,Laboratory Technician,3,Married,8160,11225,3,Y,No,15,3,4,80,0,20,2,3,4,2,2,3
35,Yes,Travel_Rarely,670,Research & Development,1,4,Medical,1,1068,2,Female,99,4,2,Manufacturing Director,3,Single,6374,11374,2,Y,No,21,3,3,80,2,13,2,4,0,0,0,0
35,No,Travel_Rarely,1119,Research & Development,17,2,Technical Degree,1,1069,3,Male,48,2,2,Research Scientist,4,Single,6794,14604,4,Y,Yes,11,3,3,80,2,14,3,3,6,3,0,4
36,No,Travel_Rarely,1422,Sales,17,1,Life Sciences,1,1070,2,Female,89,2,3,Sales Executive,4,Married,10532,23814,1,Y,Yes,15,3,4,80,0,16,6,2,4,2,2,1
41,No,Travel_Rarely,932,Sales,1,2,Medical,1,1071,3,Male,70,1,3,Sales Representative,3,Divorced,8278,11495,5,Y,No,19,3,2,80,0,18,3,2,5,3,0,2
19,No,Travel_Frequently,619,Sales,2,3,Life Sciences,1,1072,3,Female,54,3,4,Sales Representative,4,Married,10311,14710,1,Y,No,11,3,4,80,0,0,1,3,1,0,0,0
42,Yes,Travel_Rarely,227,Research & Development,7,4,Medical,1,1073,1,Female,89,3,5,Healthcare Representative,4,Married,11632,9004,1,Y,Yes,14,3,3,80,0,21,0,2,3,2,0,1
38,No,Travel_Rarely,1480,Research & Development,1,2,Technical Degree,1,1074,2,Male,55,2,3,Manager,1,Single,8984,13647,4,Y,Yes,11,3,4,80,1,17,1,3,13,5,6,7
44,No,Travel_Frequently,428,Research & Development,3,2,Life Sciences,1,1075,1,Female,95,3,5,Research Scientist,1,Single,15426,6712,7,Y,No,11,3,3,80,0,23,2,3,0,0,0,0
34,No,Travel_Rarely,1316,Research & Development,1,2,Life Sciences,1,1076,3,Female,76,3,2,Healthcare Representative,4,Married,6628,20231,1,Y,No,14,3,2,80,0,12,3,3,12,6,6,8
50,Yes,Travel_Rarely,1005,Research & Development,29,2,Life Sciences,1,1077,4,Male,50,2,3,Research Director,1,Single,10580,15672,2,Y,Yes,11,3,4,80,0,28,5,2,0,0,0,0
35,No,Travel_Rarely,755,Research & Development,4,4,Technical Degree,1,1078,2,Male,83,3,1,Manufacturing Director,3,Single,5040,2941,2,Y,Yes,20,3,2,80,1,14,5,2,0,0,0,0
49,Yes,Travel_Rarely,290,Sales,1,3,Medical,1,1079,1,Male,70,3,2,Manager,3,Married,5876,14989,3,Y,No,17,3,3,80,1,27,3,3,6,5,1,4
35,No,Travel_Frequently,897,Research & Development,19,2,Other,1,1080,4,Male,79,3,3,Manufacturing Director,1,Single,8215,9144,0,Y,Yes,11,3,4,80,0,13,5,3,3,1,0,1
41,No,Travel_Rarely,554,Sales,29,2,Marketing,1,1081,1,Female,58,3,3,Sales Executive,4,Married,9483,14354,1,Y,Yes,14,3,4,80,0,19,6,3,0,0,0,0
29,Yes,Travel_Frequently,300,Research & Development,2,4,Technical Degree,1,1082,1,Male,65,2,2,Research Scientist,4,Single,6287,2741,1,Y,No,11,3,2,80,2,8,3,3,1,0,0,0
41,Yes,Non-Travel,218,Human Resources,2,3,Other,1,1083,3,Male,88,3,3,Manager,4,Single,7122,24632,3,Y,No,18,3,4,80,2,19,2,3,4,2,0,1
46,No,Travel_Rarely,797,Human Resources,6,1,Human Resources,1,1084,4,Female,79,2,2,Human Resources,3,Divorced,8319,23493,2,Y,No,14,3,4,80,0,25,1,3,6,5,3,3
33,No,Travel_Rarely,330,Research & Development,2,3,Life Sciences,1,1085,3,Female,84,1,4,Manager,1,Married,10490,2560,6,Y,Yes,18,3,3,80,0,13,2,3,4,3,0,3
30,No,Travel_Frequently,859,Research & Development,14,3,Other,1,1086,1,Male,63,3,4,Manufacturing Director,2,Divorced,11523,11164,4,Y,No,14,3,3,80,1,7,6,4,1,0,0,0
38,No,Travel_Rarely,645,Research & Development,5,3,Technical Degree,1,1087,4,Female,99,3,2,Manager,3,Married,6761,2444,2,Y,No,20,3,2,80,0,17,1,2,0,0,0,0
38,No,Travel_Frequently,1199,Research & Development,7,4,Other,1,1088,4,Male,65,3,4,Research Scientist,4,Divorced,11288,6147,1,Y,No,14,4,2,80,0,16,6,2,1,0,0,0
28,Yes,Travel_Rarely,450,Research & Development,9,2,Medical,1,1089,2,Female,64,3,1,Healthcare Representative,3,Married,3735,14329,2,Y,Yes,11,3,2,80,1,6,2,3,2,1,0,1
40,No,Non-Travel,203,Sales,13,2,Medical,1,1090,4,Male,75,2,3,Manager,4,Divorced,11198,2434,4,Y,No,17,3,4,80,0,20,5,3,8,7,3,4
42,Yes,Travel_Rarely,497,Research & Development,1,2,Life Sciences,1,1091,1,Male,86,3,3,Manager,4,Divorced,9519,18665,2,Y,No,18,3,2,80,1,20,6,3,8,3,0,4
42,Yes,Travel_Rarely,870,Sales,6,1,Life Sciences,1,1092,2,Female,52,3,2,Sales Executive,2,Single,9059,15123,1,Y,No,19,4,3,80,2,20,2,2,0,0,0,0
38,No,Travel_Rarely,338,Research & Development,10,3,Other,1,1093,2,Female,50,3,1,Research Scientist,4,Divorced,4129,26253,2,Y,No,11,3,3,80,1,16,3,3,6,4,2,5
23,Yes,Travel_Rarely,583,Research & Development,14,4,Technical Degree,1,1094,4,Male,61,1,1,Research Scientist,1,Married,2987,5078,4,Y,No,11,3,3,80,1,0,2,3,0,0,0,0
41,No,Travel_Rarely,559,Human Resources,6,3,Human Resources,1,1095,1,Female,71,3,5,Human Resources,4,Divorced,14042,12117,1,Y,No,11,3,3,80,1,18,3,4,15,9,4,5
37,No,Travel_Rarely,1243,Research & Development,1,1,Technical Degree,1,1096,4,Male,45,3,2,Healthcare Representative,2,Married,6876,2857,0,Y,Yes,14,3,1,80,2,16,4,4,2,0,0,0
22,No,Travel_Rarely,754,Research & Development,1,4,Life Sciences,1,1097,3,Male,99,3,2,Research Director,2,Single,6110,25054,4,Y,No,16,3,4,80,1,2,0,3,0,0,0,0
35,No,Travel_Rarely,1095,Research & Development,22,4,Life Sciences,1,1098,4,Female,90,3,2,Manager,2,Married,7049,18559,4,Y,No,16,3,4,80,2,12,3,3,0,0,0,0
19,No,Travel_Rarely,954,Research & Development,1,3,Medical,1,1099,4,Male,77,3,5,Manager,1,Single,11418,19847,1,Y,No,14,3,2,80,0,0,3,3,0,0,0,0
46,No,Travel_Rarely,835,Research & Development,8,2,Technical Degree,1,1100,3,Male,30,3,4,Manufacturing Director,2,Divorced,11722,16445,4,Y,Yes,19,3,1,80,1,24,1,4,2,1,0,0
23,No,Travel_Frequently,1254,Research & Development,5,3,Other,1,1101,3,Male,80,3,2,Manufacturing Director,2,Single,5107,6607,5,Y,No,18,4,3,80,2,3,1,3,3,2,0,1
41,No,Travel_Rarely,1481,Research & Development,2,2,Life Sciences,1,1102,4,Female,32,3,1,Healthcare Representative,2,Married,5105,15025,3,Y,No,11,3,3,80,1,20,3,3,2,0,0,0
31,No,Travel_Rarely,1319,Research & Development,14,1,Technical Degree,1,1103,1,Female,74,3,4,Research Director,4,Divorced,11436,25261,0,Y,No,16,3,1,80,1,11,2,3,11,6,3,4
46,No,Travel_Rarely,882,Research & Development,1,4,Technical Degree,1,1104,1,Male,93,3,1,Manufacturing Director,4,Divorced,5200,19506,3,Y,Yes,17,3,2,80,0,26,6,1,3,2,1,1
43,No,Travel_Rarely,600,Research & Development,1,3,Other,1,1105,4,Female,84,3,5,Manager,4,Married,15055,6506,4,Y,No,11,3,1,80,2,21,5,3,8,3,0,4
31,No,Travel_Rarely,121,Research & Development,7,4,Medical,1,1106,1,Female,85,3,1,Laboratory Technician,4,Married,5451,13303,2,Y,No,14,3,2,80,0,11,3,4,1,0,0,0
48,No,Travel_Rarely,731,Research & Development,16,4,Medical,1,1107,4,Male,52,3,1,Research Scientist,2,Single,7309,26813,1,Y,No,18,3,2,80,1,26,1,3,6,2,3,4
22,No,Travel_Rarely,1146,Research & Development,27,1,Life Sciences,1,1108,3,Male,32,2,4,Laboratory Technician,4,Married,10190,19010,2,Y,No,11,3,1,80,2,0,3,3,0,0,0,0
60,No,Travel_Rarely,796,Research & Development,16,4,Life Sciences,1,1109,1,Male,67,1,3,Research Scientist,2,Married,11411,11048,2,Y,No,12,3,3,80,0,39,2,2,0,0,0,0
33,No,Non-Travel,1182,Research & Development,17,5,Technical Degree,1,1110,4,Male,92,3,2,Research Director,2,Single,5872,16767,4,Y,No,14,3,1,80,0,11,3,3,3,2,0,1
40,No,Travel_Frequently,373,Research & Development,15,3,Life Sciences,1,1111,2,Female,79,2,2,Manager,4,Divorced,8254,5131,5,Y,No,14,3,3,80,1,20,3,3,1,0,0,0
42,No,Travel_Rarely,999,Research & Development,1,2,Life Sciences,1,1112,4,Male,37,3,3,Research Scientist,4,Single,11844,11794,2,Y,No,18,4,3,80,1,22,6,2,3,1,1,2
41,No,Travel_Rarely,963,Research & Development,8,2,Life Sciences,1,1113,4,Female,94,3,3,Research Director,3,Divorced,10674,15721,2,Y,No,21,3,3,80,1,20,3,3,0,0,0,0
49,No,Travel_Rarely,150,Research & Development,3,2,Life Sciences,1,1114,2,Male,69,2,2,Research Scientist,4,Married,8453,20966,2,Y,No,16,3,4,80,0,27,2,3,1,0,0,0
41,No,Non-Travel,712,Research & Development,1,4,Medical,1,1115,4,Male,56,2,4,Manager,3,Divorced,10152,9568,1,Y,Yes,18,3,4,80,0,20,4,3,19,16,3,11
27,No,Travel_Rarely,1120,Research & Development,1,4,Technical Degree,1,1116,4,Male,46,3,2,Research Director,1,Married,6073,11143,2,Y,Yes,12,3,4,80,1,4,3,2,4,2,0,1
37,No,Travel_Rarely,1193,Sales,2,3,Life Sciences,1,1117,2,Female,33,3,1,Sales Executive,2,Married,4654,20171,5,Y,No,23,3,3,80,1,14,2,3,5,3,2,4
22,No,Travel_Rarely,671,Sales,7,1,Marketing,1,1118,2,Female,88,3,2,Manager,3,Married,7204,25159,0,Y,No,16,3,1,80,1,0,3,3,0,0,0,0
23,No,Travel_Rarely,1360,Research & Development,5,3,Medical,1,1119,3,Male,61,2,5,Manager,1,Married,13076,14911,4,Y,No,15,4,2,80,0,3,3,2,3,1,0,2
46,No,Travel_Rarely,342,Research & Development,11,4,Other,1,1120,3,Male,77,3,3,Research Director,2,Married,10615,17564,1,Y,Yes,13,3,2,80,1,26,6,3,1,0,0,0
45,Yes,Travel_Frequently,929,Research & Development,22,3,Technical Degree,1,1121,2,Female,39,3,3,Laboratory Technician,3,Single,10711,10080,3,Y,Yes,11,3,4,80,1,23,6,3,23,7,6,15
30,No,Travel_Rarely,405,Human Resources,5,4,Other,1,1122,4,Female,53,3,5,Manager,2,Single,12308,20876,2,Y,No,16,3,4,80,0,7,2,3,1,0,0,0
32,Yes,Non-Travel,910,Sales,6,1,Marketing,1,1123,4,Male,56,3,3,Sales Representative,3,Single,7813,9331,3,Y,Yes,16,3,1,80,2,9,3,2,2,0,0,1
42,No,Travel_Rarely,690,Research & Development,5,2,Life Sciences,1,1124,4,Female,46,2,3,Healthcare Representative,1,Single,8114,3595,2,Y,No,13,4,2,80,2,20,0,1,7,2,0,4
21,Yes,Travel_Rarely,430,Sales,3,4,Medical,1,1125,1,Male,32,1,4,Sales Executive,3,Married,10991,20873,5,Y,No,14,3,3,80,0,0,2,4,0,0,0,0
42,No,Travel_Rarely,458,Sales,12,3,Medical,1,1126,4,Male,48,3,5,Sales Representative,4,Single,13391,2573,6,Y,No,15,3,1,80,0,20,3,1,5,1,2,4
43,No,Travel_Rarely,213,Research & Development,2,3,Other,1,1127,3,Female,40,3,3,Healthcare Representative,1,Single,10737,9271,4,Y,No,16,3,1,80,0,20,3,3,20,11,0,10
30,Yes,Travel_Rarely,1394,Research & Development,1,3,Medical,1,1128,2,Male,47,3,1,Healthcare Representative,3,Single,2532,14021,1,Y,Yes,19,3,3,80,0,10,6,2,4,2,0,2
41,No,Travel_Rarely,1445,Research & Development,6,3,Medical,1,1129,2,Female,32,3,1,Research Director,2,Divorced,5083,21545,1,Y,No,16,3,4,80,1,21,3,3,9,8,3,4
41,No,Travel_Rarely,1189,Sales,9,4,Other,1,1130,3,Male,85,3,2,Sales Executive,2,Single,8747,22802,2,Y,No,19,3,4,80,1,20,6,3,4,3,1,2
26,Yes,Travel_Rarely,905,Sales,7,3,Other,1,1131,2,Female,54,3,4,Sales Executive,3,Single,11383,14735,4,Y,No,13,3,3,80,2,6,4,3,1,0,0,0
18,Yes,Travel_Rarely,979,Research & Development,6,3,Technical Degree,1,1132,2,Male,59,2,3,Research Director,4,Single,9212,18609,3,Y,No,12,3,1,80,0,0,6,1,1,0,0,0
37,No,Travel_Frequently,1490,Research & Development,1,1,Life Sciences,1,1133,3,Male,72,3,3,Research Scientist,2,Married,8857,12691,5,Y,Yes,17,3,1,80,1,16,6,2,0,0,0,0
29,Yes,Travel_Rarely,888,Sales,29,3,Life Sciences,1,1134,1,Female,43,3,4,Sales Executive,4,Married,9839,26616,5,Y,Yes,14,3,3,80,0,7,2,3,7,5,3,5
28,No,Travel_Rarely,615,Sales,8,4,Marketing,1,1135,4,Male,63,1,4,Manager,2,Married,12215,14663,3,Y,No,14,4,4,80,0,6,2,2,2,0,0,1
23,Yes,Travel_Rarely,287,Sales,10,3,Life Sciences,1,1136,1,Male,41,3,2,Sales Executive,3,Married,5499,8114,2,Y,No,19,3,4,80,1,0,1,4,0,0,0,0
32,No,Travel_Rarely,973,Research & Development,19,3,Technical Degree,1,1137,2,Female,57,3,5,Manufacturing Director,3,Married,13206,12579,3,Y,Yes,22,3,3,80,0,12,3,3,1,0,0,0
23,No,Travel_Rarely,741,Research & Development,2,3,Life Sciences,1,1138,4,Female,93,3,3,Healthcare Representative,1,Married,8065,13133,2,Y,No,12,3,2,80,0,2,1,3,2,1,1,1
45,No,Travel_Rarely,409,Sales,29,2,Life Sciences,1,1139,3,Male,55,3,2,Sales Representative,2,Married,5734,13136,1,Y,No,11,3,1,80,0,23,4,3,3,2,1,2
33,No,Travel_Rarely,1374,Research & Development,18,3,Life Sciences,1,1140,3,Male,82,1,5,Healthcare Representative,4,Divorced,14408,21257,1,Y,No,15,3,3,80,0,12,2,3,0,0,0,0
47,No,Travel_Frequently,1375,Research & Development,4,4,Technical Degree,1,1141,4,Female,51,3,2,Manufacturing Director,1,Married,8249,7664,1,Y,No,13,3,1,80,0,25,3,2,2,1,0,0
39,No,Travel_Rarely,396,Research & Development,9,5,Other,1,1142,4,Female,31,3,2,Laboratory Technician,1,Married,8764,8106,3,Y,No,11,3,2,80,1,19,1,4,1,0,0,0
32,No,Non-Travel,1270,Human Resources,24,3,Other,1,1143,3,Male,68,3,2,Manager,1,Divorced,5906,11395,0,Y,No,17,3,1,80,1,11,4,2,3,1,1,1
45,No,Non-Travel,384,Sales,1,4,Medical,1,1144,3,Male,98,3,1,Sales Executive,1,Married,5276,22141,1,Y,Yes,22,3,1,80,3,25,2,2,5,3,0,1
20,No,Travel_Rarely,151,Research & Development,3,2,Medical,1,1145,3,Female,65,2,3,Manufacturing Director,3,Divorced,8908,2648,4,Y,No,17,3,1,80,2,0,3,3,1,0,0,0
43,No,Travel_Rarely,1459,Sales,1,2,Marketing,1,1146,3,Female,86,3,2,Sales Representative,4,Married,7876,19000,1,Y,No,13,3,1,80,2,22,4,3,3,1,0,1
38,No,Travel_Rarely,575,Research & Development,8,1,Medical,1,1147,2,Male,77,2,4,Healthcare Representative,2,Single,11525,9570,3,Y,No,18,4,1,80,2,16,5,3,0,0,0,0
31,No,Travel_Frequently,1386,Research & Development,3,3,Medical,1,1148,2,Male,46,3,2,Healthcare Representative,4,Married,7250,4344,2,Y,No,15,3,2,80,1,8,6,3,0,0,0,0
37,No,Travel_Rarely,598,Research & Development,7,2,Medical,1,1149,1,Male,92,3,1,Manufacturing Director,3,Single,6945,26204,2,Y,No,13,3,2,80,0,17,2,2,11,5,6,5
40,No,Non-Travel,660,Research & Development,1,4,Other,1,1150,4,Female,36,3,2,Research Scientist,2,Single,7129,13001,0,Y,No,23,3,3,80,0,17,6,3,14,11,7,6
34,No,Travel_Rarely,774,Sales,6,4,Medical,1,1151,2,Male,68,1,3,Sales Executive,3,Married,9673,20056,5,Y,No,19,3,3,80,0,13,4,2,5,3,1,2
49,No,Travel_Rarely,170,Sales,7,2,Medical,1,1152,4,Male,54,2,3,Sales Representative,2,Married,10697,21093,4,Y,Yes,11,3,4,80,0,29,1,3,0,0,0,0
50,Yes,Travel_Rarely,738,Research & Development,6,4,Life Sciences,1,1153,3,Male,67,3,2,Manager,4,Single,6499,11310,1,Y,Yes,16,3,3,80,2,29,1,3,0,0,0,0
35,Yes,Travel_Frequently,323,Research & Development,8,1,Medical,1,1154,4,Male,57,2,5,Healthcare Representative,3,Single,12717,18062,2,Y,No,13,3,1,80,0,12,2,3,9,3,0,6
28,No,Travel_Rarely,623,Sales,4,3,Marketing,1,1155,3,Male,95,3,2,Sales Representative,3,Married,8146,3970,0,Y,No,12,3,2,80,3,8,5,3,4,1,0,3
29,No,Travel_Rarely,680,Research & Development,9,2,Medical,1,1156,4,Female,62,3,1,Manufacturing Director,4,Married,4835,22714,8,Y,No,20,4,1,80,0,6,2,3,2,1,0,1
45,No,Travel_Rarely,1010,Research & Development,3,4,Medical,1,1157,1,Male,47,1,3,Research Scientist,3,Single,10106,21563,2,Y,No,16,4,4,80,0,24,4,2,2,1,0,0
25,Yes,Travel_Rarely,928,Human Resources,7,2,Life Sciences,1,1158,4,Male,51,3,3,Human Resources,3,Married,8672,26419,5,Y,No,15,3,3,80,0,5,0,3,0,0,0,0
38,No,Travel_Frequently,1388,Research & Development,2,3,Technical Degree,1,1159,3,Male,87,3,2,Manufacturing Director,4,Single,8241,11970,6,Y,No,11,4,4,80,2,16,4,2,0,0,0,0
39,No,Travel_Frequently,822,Research & Development,13,3,Other,1,1160,2,Female,87,3,4,Research Scientist,4,Married,10060,22735,4,Y,No,16,3,1,80,0,16,3,2,11,10,0,10
37,No,Travel_Rarely,155,Research & Development,1,2,Life Sciences,1,1161,4,Male,74,4,3,Research Scientist,3,Single,9895,16676,3,Y,No,13,3,3,80,0,17,4,3,9,5,2,5
42,No,Travel_Rarely,1286,Research & Development,1,2,Technical Degree,1,1162,3,Female,92,2,5,Research Scientist,2,Married,13986,17853,2,Y,Yes,17,3,3,80,0,22,2,2,21,14,4,10
31,No,Travel_Rarely,674,Research & Development,24,5,Other,1,1163,4,Female,35,3,2,Healthcare Representative,1,Single,5999,15814,3,Y,No,18,3,3,80,1,10,2,3,4,3,2,1
37,Yes,Travel_Frequently,305,Sales,13,4,Medical,1,1164,4,Male,44,1,4,Sales Executive,2,Single,11143,25567,2,Y,Yes,18,3,1,80,2,15,5,4,11,7,4,10
44,No,Travel_Rarely,1020,Research & Development,7,3,Technical Degree,1,1165,2,Male,69,3,3,Research Director,3,Single,9600,21799,5,Y,No,16,3,4,80,1,24,2,3,5,4,1,2
32,Yes,Travel_Frequently,1326,Research & Development,1,4,Other,1,1166,1,Female,34,3,3,Healthcare Representative,4,Divorced,6802,3281,1,Y,No,12,3,3,80,1,11,1,3,1,0,0,0
39,Yes,Travel_Rarely,251,Research & Development,12,2,Other,1,1167,3,Male,72,3,1,Research Director,3,Divorced,3070,19798,5,Y,Yes,11,3,2,80,2,18,0,1,0,0,0,0
52,No,Travel_Rarely,1498,Sales,7,4,Other,1,1168,1,Female,62,2,1,Sales Representative,1,Married,5919,22809,5,Y,No,11,3,3,80,0,30,3,3,3,1,0,2
47,Yes,Travel_Rarely,818,Research & Development,1,1,Medical,1,1169,4,Male,84,3,3,Research Director,1,Single,9141,15584,2,Y,No,25,3,3,80,0,24,4,2,11,5,5,5
24,No,Travel_Rarely,829,Research & Development,7,4,Life Sciences,1,1170,3,Male,44,3,3,Research Scientist,3,Married,7392,9668,1,Y,No,14,3,4,80,1,1,4,3,1,0,0,0
39,No,Travel_Rarely,783,Research & Development,1,1,Medical,1,1171,1,Female,96,3,4,Research Director,3,Divorced,10524,24207,2,Y,Yes,15,3,3,80,0,18,3,1,18,10,2,16
36,No,Travel_Rarely,378,Research & Development,1,2,Other,1,1172,1,Male,58,3,1,Manager,4,Divorced,7362,12346,0,Y,No,11,3,3,80,1,14,4,3,8,3,1,4
35,Yes,Travel_Rarely,828,Research & Development,14,4,Life Sciences,1,1173,1,Female,85,3,5,Laboratory Technician,4,Divorced,13577,16733,2,Y,No,11,3,2,80,2,14,2,3,3,1,0,1
36,Yes,Travel_Rarely,1247,Research & Development,3,1,Medical,1,1174,1,Male,96,3,1,Research Director,4,Single,4149,12627,2,Y,No,18,3,1,80,0,14,1,2,5,1,0,4
31,No,Travel_Rarely,1385,Research & Development,6,4,Life Sciences,1,1175,1,Male,34,3,5,Manufacturing Director,4,Single,14095,24921,3,Y,No,16,3,3,80,0,8,0,2,0,0,0,0
32,No,Travel_Rarely,241,Sales,9,4,Other,1,1176,3,Male,38,3,3,Sales Representative,2,Divorced,9499,6221,2,Y,No,14,3,4,80,2,10,2,3,8,4,0,6
20,No,Travel_Rarely,808,Research & Development,5,1,Other,1,1177,4,Female,30,3,3,Manager,4,Divorced,8437,12786,2,Y,No,12,3,2,80,1,0,2,3,1,0,0,0
36,Yes,Travel_Rarely,699,Sales,21,3,Medical,1,1178,2,Female,93,3,3,Manager,1,Married,10029,22654,2,Y,No,11,3,1,80,0,16,4,3,1,0,0,0
30,Yes,Travel_Rarely,1203,Sales,6,2,Life Sciences,1,1179,3,Male,95,2,4,Sales Executive,4,Single,11076,25666,2,Y,No,13,3,4,80,0,7,1,3,6,3,2,5
19,No,Travel_Frequently,901,Research & Development,2,3,Medical,1,1180,4,Female,83,1,5,Healthcare Representative,1,Single,10319,22490,2,Y,No,18,3,4,80,1,0,1,4,1,0,0,0
39,No,Travel_Rarely,488,Research & Development,5,1,Technical Degree,1,1181,3,Male,59,3,4,Laboratory Technician,3,Single,13026,5449,3,Y,No,11,3,2,80,3,17,2,2,3,1,0,2
40,No,Travel_Rarely,989,Research & Development,11,2,Technical Degree,1,1182,3,Male,74,2,2,Research Director,4,Single,8385,2183,1,Y,No,16,4,3,80,0,19,5,4,11,5,4,10
36,No,Non-Travel,1390,Research & Development,1,3,Other,1,1183,4,Female,89,3,3,Research Director,1,Married,8120,10215,2,Y,No,18,3,1,80,0,16,2,3,13,10,4,9
18,No,Travel_Rarely,1244,Research & Development,10,3,Medical,1,1184,2,Female,33,3,1,Laboratory Technician,3,Married,5106,26725,4,Y,No,12,3,4,80,0,0,4,2,1,0,0,0
33,No,Travel_Rarely,147,Sales,6,1,Other,1,1185,4,Female,54,3,3,Sales Executive,4,Divorced,7142,16016,5,Y,No,24,3,3,80,1,11,2,3,0,0,0,0
29,No,Travel_Rarely,671,Research & Development,22,3,Life Sciences,1,1186,2,Female,87,3,3,Laboratory Technician,2,Married,9339,22150,1,Y,Yes,13,3,2,80,0,6,2,2,2,0,0,0
35,Yes,Travel_Frequently,1426,Research & Development,3,4,Other,1,1187,2,Male,91,3,2,Research Scientist,3,Single,7565,22412,1,Y,No,24,3,2,80,1,15,5,3,0,0,0,0
46,No,Travel_Rarely,295,Human Resources,3,3,Life Sciences,1,1188,4,Female,93,4,2,Manager,3,Single,8268,15699,5,Y,No,13,4,3,80,1,23,3,4,4,3,0,3
32,No,Travel_Rarely,574,Research & Development,14,4,Technical Degree,1,1189,3,Male,34,3,4,Laboratory Technician,3,Married,10451,6513,3,Y,Yes,11,3,3,80,0,12,2,3,6,5,2,3
30,No,Travel_Rarely,333,Research & Development,10,2,Technical Degree,1,1190,2,Male,40,3,2,Healthcare Representative,2,Married,5653,2889,0,Y,No,14,3,4,80,2,10,3,2,0,0,0,0
38,No,Travel_Rarely,1010,Human Resources,1,3,Other,1,1191,3,Female,69,2,4,Manager,1,Married,10827,26790,4,Y,No,13,3,4,80,0,18,5,3,7,4,3,3
40,Yes,Travel_Rarely,1388,Research & Development,1,3,Technical Degree,1,1192,2,Male,90,3,5,Laboratory Technician,1,Married,14696,7014,0,Y,Yes,15,3,4,80,0,17,2,3,2,1,0,1
33,Yes,Travel_Frequently,792,Research & Development,5,1,Technical Degree,1,1193,2,Female,56,3,4,Research Director,3,Married,11700,11927,4,Y,Yes,16,4,1,80,0,13,1,3,7,4,1,2
32,No,Travel_Rarely,223,Sales,1,4,Medical,1,1194,4,Male,33,3,2,Manager,1,Married,6668,14530,0,Y,No,14,4,1,80,0,11,6,4,0,0,0,0
32,No,Travel_Rarely,494,Sales,29,4,Life Sciences,1,1195,3,Male,39,3,3,Sales Executive,2,Single,9473,4878,2,Y,No,22,4,3,80,1,10,1,2,10,6,1,8
32,No,Travel_Frequently,470,Research & Development,1,1,Technical Degree,1,1196,2,Male,58,2,2,Manager,3,Married,6073,16222,4,Y,No,13,3,4,80,2,10,3,3,9,5,4,7
40,No,Travel_Frequently,406,Sales,1,2,Life Sciences,1,1197,3,Male,74,3,3,Sales Executive,4,Divorced,10824,15993,2,Y,Yes,25,4,2,80,2,18,4,2,3,2,0,1
34,No,Non-Travel,1198,Research & Development,10,1,Other,1,1198,1,Male,81,3,1,Manufacturing Director,2,Single,5218,2287,5,Y,No,17,3,1,80,1,11,1,3,1,0,0,0
19,No,Travel_Rarely,1233,Sales,3,4,Medical,1,1199,3,Female,34,3,4,Sales Executive,3,Divorced,10866,9562,1,Y,Yes,17,3,3,80,0,0,5,1,1,0,0,0
32,No,Travel_Frequently,141,Research & Development,21,3,Other,1,1200,4,Female,82,3,2,Manager,4,Married,6242,16234,5,Y,No,16,4,3,80,2,9,4,2,4,2,0,2
33,Yes,Travel_Rarely,1488,Research & Development,1,4,Life Sciences,1,1201,4,Male,87,4,3,Healthcare Representative,1,Single,9602,15410,1,Y,Yes,18,3,3,80,1,10,3,3,2,1,1,1
48,No,Travel_Rarely,776,Research & Development,5,4,Medical,1,1202,4,Female,53,3,4,Healthcare Representative,3,Married,11941,14384,1,Y,No,12,3,1,80,1,27,2,3,0,0,0,0
33,Yes,Travel_Rarely,688,Sales,7,5,Marketing,1,1203,3,Male,44,3,2,Sales Executive,3,Single,7716,8040,3,Y,Yes,17,3,3,80,2,13,1,4,6,4,3,4
45,No,Travel_Rarely,932,Sales,4,3,Life Sciences,1,1204,3,Female,57,2,1,Manager,4,Married,6184,10388,2,Y,No,19,3,4,80,0,23,1,3,9,8,4,8
43,Yes,Travel_Rarely,716,Sales,1,2,Other,1,1205,4,Male,73,3,1,Manager,1,Married,6099,25699,3,Y,Yes,14,3,3,80,1,22,4,2,1,0,0,0
30,Yes,Travel_Rarely,501,Sales,3,3,Marketing,1,1206,4,Male,31,3,2,Manager,3,Married,5976,2422,4,Y,Yes,12,3,3,80,1,9,3,2,8,3,3,3
37,No,Travel_Rarely,808,Research & Development,5,3,Other,1,1207,4,Female,89,3,5,Manager,4,Married,15158,8362,2,Y,No,11,3,2,80,0,16,6,2,8,5,4,6
26,No,Travel_Rarely,966,Research & Development,11,4,Life Sciences,1,1208,4,Female,78,3,4,Research Scientist,2,Married,9721,10502,3,Y,Yes,15,3,3,80,1,4,3,2,4,3,0,3
48,No,Travel_Rarely,1165,Research & Development,19,3,Other,1,1209,1,Female,36,3,2,Manufacturing Director,3,Divorced,8004,12514,0,Y,No,11,3,3,80,1,27,2,4,5,3,0,2
43,No,Travel_Rarely,844,Research & Development,2,4,Technical Degree,1,1210,1,Female,32,3,2,Research Scientist,4,Married,7212,9884,5,Y,No,13,3,1,80,1,21,4,2,1,0,0,0
40,No,Travel_Rarely,260,Research & Development,1,3,Other,1,1211,4,Female,70,3,4,Laboratory Technician,2,Married,9978,5466,3,Y,Yes,13,3,2,80,0,17,4,3,0,0,0,0
30,No,Travel_Rarely,696,Research & Development,14,4,Medical,1,1212,4,Male,50,3,3,Research Director,2,Single,7987,20695,4,Y,No,11,3,4,80,0,8,4,3,3,1,1,2
38,No,Travel_Rarely,1128,Research & Development,6,4,Other,1,1213,4,Male,91,4,3,Research Director,4,Divorced,8772,23117,2,Y,Yes,13,3,2,80,1,17,6,3,3,1,0,2
32,No,Travel_Frequently,248,Research & Development,1,2,Other,1,1214,2,Male,54,3,3,Research Director,4,Single,7805,25614,0,Y,Yes,11,3,4,80,2,10,3,3,0,0,0,0
41,No,Travel_Rarely,793,Research & Development,16,4,Technical Degree,1,1215,1,Female,67,2,1,Research Director,2,Divorced,5399,2907,7,Y,Yes,18,3,1,80,1,19,4,3,10,5,2,3
28,No,Travel_Rarely,1133,Research & Development,1,3,Life Sciences,1,1216,3,Male,61,3,3,Research Scientist,4,Single,8770,24511,4,Y,No,13,3,1,80,3,7,0,3,7,5,3,6
45,No,Travel_Rarely,1439,Sales,1,4,Medical,1,1217,4,Male,55,2,3,Manager,3,Married,9951,16989,2,Y,No,17,3,1,80,1,23,1,3,0,0,0,0
23,No,Travel_Rarely,1077,Research & Development,7,4,Other,1,1218,2,Male,62,4,2,Manager,3,Single,5445,2731,1,Y,No,16,3,3,80,2,0,3,2,1,0,0,0
28,No,Travel_Rarely,591,Research & Development,2,4,Technical Degree,1,1219,3,Male,85,3,2,Manufacturing Director,2,Married,8351,25100,2,Y,No,11,3,3,80,2,8,4,3,5,2,2,2
35,No,Travel_Rarely,1184,Research & Development,1,4,Medical,1,1220,3,Female,69,3,2,Research Scientist,3,Divorced,5337,13914,1,Y,Yes,14,3,2,80,0,13,3,3,7,6,0,3
41,No,Travel_Rarely,1097,Sales,2,3,Other,1,1221,3,Male,70,1,5,Manager,4,Single,13913,9167,0,Y,No,12,3,2,80,0,18,3,3,4,2,0,3
33,No,Travel_Rarely,1464,Research & Development,11,2,Life Sciences,1,1222,2,Female,73,3,4,Manufacturing Director,3,Single,10449,11332,5,Y,No,18,4,1,80,2,12,4,2,0,0,0,0
46,Yes,Travel_Rarely,713,Research & Development,18,2,Medical,1,1223,2,Male,37,2,5,Research Scientist,4,Single,14400,20607,5,Y,Yes,16,3,1,80,0,23,3,2,0,0,0,0
28,No,Travel_Rarely,1267,Research & Development,1,1,Other,1,1224,2,Female,34,2,3,Manufacturing Director,3,Divorced,9170,16682,0,Y,No,14,4,2,80,0,5,2,3,5,3,0,4
41,No,Travel_Rarely,1485,Research & Development,9,4,Technical Degree,1,1225,4,Female,32,3,4,Research Scientist,2,Married,10643,17324,0,Y,No,16,3,4,80,0,19,6,4,3,1,1,2
31,No,Non-Travel,899,Research & Development,1,5,Life Sciences,1,1226,3,Male,75,2,2,Healthcare Representative,2,Married,6503,2413,3,Y,Yes,13,4,4,80,1,11,4,2,8,3,0,5
40,No,Travel_Rarely,213,Sales,8,3,Medical,1,1227,4,Male,85,3,4,Sales Representative,4,Married,11844,6482,6,Y,No,16,3,2,80,1,20,0,3,4,2,1,1
38,No,Travel_Rarely,1147,Research & Development,1,1,Other,1,1228,3,Female,79,3,2,Manager,1,Married,5821,22300,4,Y,No,14,3,1,80,0,17,3,3,10,3,4,4
29,No,Travel_Rarely,1478,Research & Development,5,5,Medical,1,1229,3,Male,93,3,4,Research Director,4,Single,9608,13089,3,Y,No,15,4,2,80,1,6,4,3,2,1,1,1
40,No,Travel_Rarely,656,Human Resources,3,2,Human Resources,1,1230,4,Male,47,3,5,Human Resources,2,Divorced,12412,23645,2,Y,No,15,4,4,80,0,19,4,2,14,8,4,13
37,Yes,Travel_Frequently,296,Research & Development,6,2,Medical,1,1231,1,Male,59,3,3,Manager,2,Single,6928,5764,1,Y,No,23,3,2,80,0,14,2,4,0,0,0,0
38,No,Travel_Rarely,543,Research & Development,8,3,Other,1,1232,2,Male,37,3,2,Research Scientist,1,Single,6454,25874,5,Y,Yes,20,3,2,80,1,16,4,2,3,2,0,2
44,No,Travel_Rarely,1118,Sales,13,2,Marketing,1,1233,3,Male,92,3,4,Sales Representative,3,Divorced,12093,23858,3,Y,No,15,3,3,80,1,24,1,3,2,1,0,0
43,No,Travel_Rarely,629,Research & Development,23,4,Life Sciences,1,1234,1,Male,35,2,4,Laboratory Technician,1,Single,10289,25294,2,Y,No,17,3,4,80,3,22,4,3,13,6,0,10
40,Yes,Travel_Rarely,1216,Research & Development,20,3,Other,1,1235,1,Male,87,2,1,Manufacturing Director,1,Married,5595,5247,4,Y,Yes,17,3,2,80,2,20,2,4,11,4,1,6
28,No,Travel_Rarely,1150,Research & Development,15,3,Life Sciences,1,1236,3,Male,95,3,2,Research Scientist,2,Single,7031,4670,5,Y,No,14,3,3,80,0,8,2,2,0,0,0,0
32,No,Travel_Rarely,1073,Sales,3,3,Marketing,1,1237,4,Female,66,2,4,Sales Representative,4,Married,12135,20766,6,Y,No,18,3,3,80,0,10,5,2,3,1,1,2
37,No,Travel_Rarely,1391,Sales,1,4,Medical,1,1238,4,Male,56,2,2,Sales Representative,4,Single,5859,4993,5,Y,No,11,3,2,80,1,15,1,3,2,0,0,1
36,No,Travel_Frequently,1156,Sales,1,5,Medical,1,1239,4,Female,38,2,1,Manager,4,Divorced,4468,26817,0,Y,No,12,3,3,80,1,13,1,1,0,0,0,0
39,No,Travel_Rarely,117,Research & Development,29,1,Technical Degree,1,1240,2,Female,43,3,1,Manager,4,Single,3909,20935,4,Y,No,18,3,4,80,1,19,2,2,1,0,0,0
48,No,Travel_Frequently,323,Research & Development,7,1,Medical,1,1241,3,Male,42,3,1,Manager,2,Divorced,6671,18367,1,Y,No,16,3,3,80,1,28,3,2,0,0,0,0
33,No,Travel_Rarely,745,Sales,6,1,Life Sciences,1,1242,4,Male,93,3,1,Sales Executive,2,Married,4873,19599,1,Y,No,16,4,4,80,1,12,3,1,2,1,0,0
33,No,Travel_Rarely,688,Research & Development,18,5,Life Sciences,1,1243,3,Female,68,3,4,Research Scientist,1,Single,9877,11541,4,Y,No,15,3,4,80,1,12,3,3,12,11,4,9
38,No,Travel_Rarely,1023,Research & Development,13,2,Other,1,1244,3,Male,83,1,5,Research Scientist,3,Married,14497,8013,7,Y,No,16,3,3,80,2,18,2,3,6,3,0,3
31,No,Travel_Rarely,949,Sales,1,4,Marketing,1,1245,1,Male,57,2,2,Sales Representative,3,Married,7917,20671,3,Y,No,18,3,2,80,0,10,4,3,10,7,5,8
40,No,Travel_Rarely,461,Sales,4,3,Life Sciences,1,1246,3,Male,67,2,3,Manager,4,Married,9340,7256,3,Y,No,20,3,3,80,0,19,4,2,0,0,0,0
32,No,Travel_Rarely,1401,Sales,1,2,Other,1,1247,3,Male,50,3,3,Sales Executive,3,Married,7970,9813,1,Y,Yes,11,3,2,80,0,11,3,2,0,0,0,0
39,No,Travel_Rarely,1137,Research & Development,13,3,Technical Degree,1,1248,2,Male,63,3,4,Healthcare Representative,4,Married,11746,9638,2,Y,No,13,4,4,80,1,17,6,2,2,1,0,1
41,No,Travel_Rarely,866,Research & Development,1,1,Life Sciences,1,1249,1,Male,58,3,3,Research Director,3,Married,9462,7070,1,Y,No,12,3,1,80,1,19,4,3,14,8,0,5
45,No,Travel_Rarely,820,Sales,1,2,Medical,1,1250,4,Male,59,1,1,Sales Executive,3,Divorced,6487,13573,0,Y,No,15,3,2,80,2,25,4,1,4,2,0,3
42,No,Travel_Rarely,1294,Sales,20,2,Medical,1,1251,4,Female,92,2,2,Sales Executive,4,Single,7988,23563,6,Y,No,14,3,2,80,0,22,2,2,4,2,1,1
18,No,Travel_Rarely,682,Research & Development,1,2,Life Sciences,1,1252,4,Male,39,3,2,Laboratory Technician,3,Married,4552,22704,5,Y,No,16,3,1,80,0,0,1,2,1,0,0,0
38,Yes,Travel_Rarely,511,Research & Development,5,4,Other,1,1253,3,Male,54,2,2,Research Director,3,Divorced,7367,26830,3,Y,No,17,3,2,80,1,16,5,2,0,0,0,0
29,Yes,Travel_Rarely,1418,Sales,6,3,Medical,1,1254,3,Male,95,3,4,Sales Representative,3,Married,10313,6078,5,Y,No,12,3,2,80,0,9,6,4,1,0,0,0
43,No,Non-Travel,724,Research & Development,1,4,Medical,1,1255,3,Male,98,3,1,Research Scientist,4,Married,4593,20979,1,Y,No,15,3,2,80,0,21,5,3,3,2,1,2
39,No,Travel_Frequently,611,Sales,9,2,Life Sciences,1,1256,1,Female,82,3,3,Sales Executive,1,Single,10252,5757,4,Y,No,11,3,4,80,0,16,4,3,0,0,0,0
35,No,Travel_Rarely,582,Sales,9,1,Medical,1,1257,3,Female,99,2,2,Sales Executive,3,Single,7643,15856,5,Y,No,12,3,4,80,0,14,1,3,6,2,0,2
26,No,Travel_Rarely,1006,Research & Development,28,3,Technical Degree,1,1258,4,Male,85,3,2,Manufacturing Director,3,Single,4840,21677,3,Y,No,11,3,4,80,0,3,0,3,3,2,0,2
32,Yes,Travel_Rarely,1440,Research & Development,11,3,Medical,1,1259,3,Female,42,4,4,Healthcare Representative,2,Single,11129,18342,4,Y,Yes,16,3,1,80,0,11,1,3,1,0,0,0
48,No,Travel_Frequently,1152,Research & Development,1,3,Other,1,1260,3,Female,88,3,4,Research Director,1,Married,12040,3303,2,Y,No,23,3,2,80,1,27,2,3,10,8,3,8
36,No,Travel_Rarely,139,Research & Development,1,3,Technical Degree,1,1261,4,Female,73,3,2,Research Scientist,4,Single,6956,17438,2,Y,Yes,18,3,3,80,2,15,2,3,5,4,0,2
50,No,Travel_Frequently,117,Sales,18,3,Marketing,1,1262,4,Male,78,3,4,Sales Executive,2,Divorced,12339,12398,1,Y,No,12,4,4,80,1,30,3,3,3,2,0,1
53,No,Travel_Rarely,1336,Research & Development,6,3,Other,1,1263,1,Male,59,4,4,Manager,4,Single,11942,3953,3,Y,No,11,3,4,80,0,32,3,2,8,6,2,3
45,No,Travel_Rarely,1075,Sales,1,4,Marketing,1,1264,3,Male,48,3,3,Sales Executive,4,Married,9738,20834,2,Y,Yes,19,3,4,80,3,23,4,3,0,0,0,0
36,No,Travel_Rarely,479,Research & Development,1,1,Life Sciences,1,1265,2,Male,84,2,5,Laboratory Technician,2,Married,13244,16561,5,Y,No,18,3,4,80,1,13,3,3,13,11,1,9
41,No,Travel_Rarely,961,Research & Development,16,2,Medical,1,1266,3,Female,30,3,2,Laboratory Technician,3,Married,6345,14768,5,Y,Yes,14,3,2,80,0,20,2,3,11,5,6,6
40,No,Travel_Frequently,991,Research & Development,1,3,Life Sciences,1,1267,4,Female,71,3,3,Manager,3,Divorced,9094,4953,1,Y,Yes,18,4,3,80,0,18,2,3,3,1,0,1
37,No,Travel_Rarely,120,Sales,1,3,Other,1,1268,3,Male,45,3,3,Manager,2,Divorced,10517,5435,3,Y,No,14,3,2,80,2,17,0,4,8,5,4,4
35,No,Travel_Rarely,402,Research & Development,3,2,Medical,1,1269,4,Male,50,2,2,Manufacturing Director,3,Married,8065,26593,2,Y,No,13,3,4,80,0,15,1,1,0,0,0,0
19,No,Non-Travel,1042,Research & Development,1,3,Technical Degree,1,1270,3,Female,58,3,1,Laboratory Technician,4,Divorced,3783,14226,3,Y,No,12,3,2,80,0,0,6,3,1,0,0,0
39,No,Travel_Rarely,1197,Research & Development,4,2,Medical,1,1271,4,Male,36,3,3,Manufacturing Director,4,Single,10344,22619,2,Y,Yes,23,3,3,80,1,16,2,3,0,0,0,0
44,No,Travel_Rarely,249,Research & Development,10,2,Life Sciences,1,1272,4,Male,36,3,3,Laboratory Technician,4,Divorced,9981,6497,1,Y,Yes,11,4,4,80,1,22,2,3,9,3,1,8
50,No,Non-Travel,1446,Sales,1,3,Life Sciences,1,1273,2,Female,84,3,5,Manager,1,Single,14012,10697,2,Y,Yes,19,4,2,80,0,29,4,3,11,4,4,5
37,No,Travel_Rarely,1299,Research & Development,14,3,Technical Degree,1,1274,4,Male,88,4,5,Research Scientist,4,Divorced,12507,10100,2,Y,No,17,3,1,80,1,14,3,3,9,6,1,3
23,Yes,Travel_Rarely,236,Research & Development,9,1,Technical Degree,1,1275,2,Male,35,4,3,Manufacturing Director,1,Married,8153,7139,5,Y,Yes,11,3,4,80,0,2,3,4,2,0,0,1
31,No,Travel_Rarely,1358,Research & Development,21,2,Technical Degree,1,1276,2,Male,54,3,3,Manager,1,Divorced,9691,19853,4,Y,No,11,3,1,80,2,11,2,3,4,3,1,2
34,No,Travel_Frequently,104,Sales,1,3,Life Sciences,1,1277,4,Male,35,3,3,Sales Representative,3,Single,7600,11780,2,Y,No,13,4,4,80,0,12,4,2,6,2,2,2
38,No,Travel_Rarely,867,Research & Development,11,4,Technical Degree,1,1278,1,Male,56,3,2,Healthcare Representative,3,Married,6758,7636,2,Y,Yes,17,3,3,80,1,18,1,3,0,0,0,0
32,Yes,Travel_Rarely,128,Sales,1,3,Life Sciences,1,1279,3,Female,78,3,2,Manager,3,Married,6350,25782,3,Y,No,13,3,4,80,0,11,2,1,11,4,1,10
39,Yes,Travel_Frequently,1302,Research & Development,8,2,Medical,1,1280,3,Female,85,2,5,Research Scientist,3,Divorced,12553,4233,2,Y,No,23,3,4,80,0,19,3,2,1,0,0,0
34,No,Travel_Frequently,102,Research & Development,13,3,Technical Degree,1,1281,4,Female,70,3,3,Manufacturing Director,3,Single,9149,16698,1,Y,No,11,3,1,80,0,11,4,3,0,0,0,0
40,No,Travel_Rarely,509,Sales,1,3,Other,1,1282,2,Male,77,3,2,Manager,4,Married,8037,7179,3,Y,No,11,3,1,80,1,17,4,3,8,2,0,5
31,Yes,Travel_Frequently,412,Research & Development,1,4,Life Sciences,1,1283,2,Female,92,3,4,Laboratory Technician,4,Single,10449,25496,2,Y,No,11,3,4,80,0,9,4,2,0,0,0,0
40,No,Travel_Rarely,994,Sales,4,3,Medical,1,1284,4,Male,31,2,4,Sales Representative,2,Divorced,12244,19668,5,Y,No,13,3,3,80,1,18,6,3,5,4,1,1
47,No,Travel_Rarely,882,Research & Development,29,4,Technical Degree,1,1285,3,Male,78,2,3,Manager,2,Married,8965,12409,3,Y,No,14,3,2,80,1,25,1,3,6,5,3,4
30,Yes,Non-Travel,1093,Sales,29,3,Marketing,1,1286,3,Female,44,3,3,Manager,2,Single,8961,8263,6,Y,Yes,15,3,3,80,1,10,4,3,4,3,0,3
46,No,Non-Travel,913,Research & Development,2,5,Medical,1,1287,4,Male,54,2,4,Laboratory Technician,4,Married,12293,11326,8,Y,Yes,16,3,2,80,3,23,4,2,0,0,0,0
35,No,Travel_Rarely,1329,Sales,2,2,Medical,1,1288,3,Male,73,2,3,Manager,3,Married,10191,3053,2,Y,Yes,12,3,2,80,0,15,5,2,6,4,0,2
26,No,Travel_Rarely,207,Research & Development,3,3,Technical Degree,1,1289,2,Male,88,3,5,Manager,2,Single,12200,25604,3,Y,No,11,3,3,80,0,6,2,3,6,3,1,5
45,No,Travel_Rarely,1442,Sales,1,4,Other,1,1290,4,Male,35,3,2,Sales Executive,4,Married,7043,21486,3,Y,No,19,4,4,80,0,25,3,3,3,2,1,2
34,No,Travel_Rarely,1074,Research & Development,1,3,Life Sciences,1,1291,1,Male,30,3,4,Manager,2,Married,13500,19919,4,Y,Yes,11,3,4,80,1,12,1,2,4,1,0,1
32,No,Travel_Frequently,703,Sales,8,3,Other,1,1292,2,Male,94,4,1,Sales Representative,2,Single,5182,5171,4,Y,No,11,3,2,80,0,12,2,3,0,0,0,0
35,No,Travel_Rarely,534,Sales,7,1,Other,1,1293,3,Male,30,2,5,Sales Executive,3,Married,11534,25231,1,Y,Yes,16,4,4,80,0,14,3,3,4,3,1,2
43,No,Travel_Rarely,410,Research & Development,9,4,Other,1,1294,1,Female,97,3,2,Healthcare Representative,4,Divorced,6057,5115,1,Y,No,11,3,2,80,0,23,5,3,3,1,0,1
34,No,Travel_Rarely,602,Research & Development,3,3,Technical Degree,1,1295,4,Female,89,3,2,Manufacturing Director,4,Divorced,7863,24750,4,Y,No,14,3,1,80,1,14,1,3,8,7,3,3
45,Yes,Travel_Rarely,1390,Research & Development,4,3,Technical Degree,1,1296,2,Female,79,3,1,Research Director,1,Single,6507,17360,3,Y,No,13,3,4,80,0,25,3,1,5,3,2,4
40,No,Travel_Rarely,439,Research & Development,3,2,Life Sciences,1,1297,1,Female,31,2,4,Laboratory Technician,3,Single,12788,18179,3,Y,No,15,3,4,80,0,20,3,3,11,5,3,7
36,Yes,Travel_Rarely,462,Research & Development,1,1,Life Sciences,1,1298,2,Male,83,4,2,Research Director,2,Single,7635,26527,3,Y,No,13,3,1,80,0,14,1,3,1,0,0,0
52,No,Travel_Frequently,1136,Research & Development,5,2,Other,1,1299,3,Female,34,4,3,Manager,4,Single,9896,19489,2,Y,No,14,3,1,80,2,29,3,4,2,1,1,1
27,No,Non-Travel,910,Sales,2,3,Medical,1,1300,3,Female,57,2,3,Sales Executive,1,Single,9601,3132,3,Y,No,19,3,1,80,0,6,2,4,2,0,0,1
32,No,Travel_Rarely,1014,Research & Development,3,3,Other,1,1301,2,Male,46,3,3,Research Scientist,3,Single,10329,25610,3,Y,No,14,3,2,80,1,9,1,3,4,2,1,3
49,No,Travel_Rarely,1309,Research & Development,21,2,Technical Degree,1,1302,4,Female,47,1,2,Research Director,3,Divorced,8685,9644,6,Y,Yes,12,3,1,80,2,28,6,4,12,5,6,8
40,No,Travel_Rarely,524,Research & Development,4,2,Life Sciences,1,1303,1,Female,84,3,5,Manufacturing Director,2,Married,14683,8651,3,Y,No,13,3,4,80,0,17,5,2,0,0,0,0
38,Yes,Travel_Rarely,127,Research & Development,3,1,Other,1,1304,2,Male,66,4,4,Research Director,2,Married,11253,3684,3,Y,Yes,12,3,1,80,0,15,6,3,1,0,0,0
18,Yes,Travel_Rarely,200,Research & Development,1,1,Other,1,1305,3,Female,91,3,2,Research Scientist,3,Single,5772,15291,6,Y,No,12,3,2,80,0,0,2,1,1,0,0,0
21,Yes,Travel_Rarely,276,Sales,21,3,Medical,1,1306,4,Female,68,2,2,Sales Representative,4,Divorced,4824,25226,2,Y,Yes,12,3,4,80,0,0,1,3,1,0,0,0
30,No,Travel_Frequently,118,Research & Development,1,1,Life Sciences,1,1307,2,Female,53,1,3,Healthcare Representative,4,Married,7806,23343,4,Y,No,17,3,1,80,0,8,3,2,4,3,0,1
29,No,Travel_Rarely,523,Sales,8,4,Marketing,1,1308,4,Female,53,3,4,Sales Executive,4,Married,10955,21700,1,Y,No,13,4,4,80,1,7,4,2,4,3,1,3
48,No,Non-Travel,564,Research & Development,5,2,Technical Degree,1,1309,4,Male,86,3,3,Research Director,4,Single,9624,8194,1,Y,No,11,3,4,80,1,26,0,3,7,6,1,3
48,No,Travel_Rarely,471,Sales,4,3,Other,1,1310,3,Female,60,2,3,Sales Representative,2,Married,9740,2352,2,Y,No,12,3,4,80,1,25,0,3,9,6,2,7
51,Yes,Travel_Rarely,950,Research & Development,13,1,Life Sciences,1,1311,3,Male,48,3,5,Laboratory Technician,2,Single,14852,5278,3,Y,No,17,3,1,80,1,30,4,3,6,1,0,5
43,No,Travel_Frequently,753,Research & Development,13,2,Medical,1,1312,2,Female,78,3,1,Manager,2,Married,6291,2433,5,Y,No,11,3,1,80,2,20,1,3,1,0,0,0
40,Yes,Travel_Rarely,987,Sales,7,4,Other,1,1313,4,Male,85,2,1,Manager,1,Single,3461,8450,1,Y,Yes,19,3,3,80,0,17,0,3,4,1,2,1
34,No,Travel_Rarely,212,Sales,19,3,Other,1,1314,1,Male,63,3,3,Sales Representative,2,Divorced,8916,26916,4,Y,No,15,3,4,80,1,14,4,3,7,2,1,4
35,Yes,Travel_Frequently,722,Research & Development,11,2,Medical,1,1315,4,Male,36,2,2,Manager,2,Divorced,5950,8045,1,Y,Yes,16,3,2,80,2,12,3,2,1,0,0,0
57,Yes,Non-Travel,1456,Research & Development,9,3,Life Sciences,1,1316,4,Male,53,3,1,Laboratory Technician,4,Divorced,6833,15400,1,Y,Yes,20,3,3,80,2,37,3,3,1,0,0,0
45,Yes,Travel_Rarely,1265,Research & Development,5,2,Life Sciences,1,1317,1,Male,95,3,2,Healthcare Representative,4,Married,8411,23506,0,Y,Yes,15,3,3,80,1,23,6,3,3,2,0,1
43,No,Travel_Rarely,723,Sales,18,3,Other,1,1318,2,Male,88,3,4,Manager,1,Single,11766,3238,3,Y,Yes,11,3,4,80,0,21,3,3,3,2,0,2
30,No,Travel_Rarely,491,Research & Development,6,4,Life Sciences,1,1319,1,Male,92,3,1,Laboratory Technician,3,Divorced,3626,16344,2,Y,Yes,22,3,4,80,2,7,5,3,7,3,3,6
47,No,Travel_Rarely,133,Research & Development,1,3,Medical,1,1320,2,Male,50,3,2,Research Director,4,Divorced,7076,26861,2,Y,No,22,3,1,80,1,24,4,3,0,0,0,0
49,No,Travel_Rarely,273,Research & Development,2,1,Technical Degree,1,1321,2,Male,91,3,2,Laboratory Technician,4,Married,7982,22210,3,Y,No,13,3,2,80,1,29,2,3,2,1,0,0
42,No,Non-Travel,977,Research & Development,1,3,Life Sciences,1,1322,4,Female,49,2,3,Healthcare Representative,1,Divorced,8742,7130,3,Y,No,16,3,4,80,0,20,3,3,8,5,2,4
30,No,Travel_Rarely,497,Research & Development,18,4,Life Sciences,1,1323,1,Male,57,3,3,Manager,4,Single,7701,4761,4,Y,No,20,3,3,80,0,9,3,3,9,7,3,5
35,Yes,Travel_Rarely,170,Sales,23,3,Life Sciences,1,1324,1,Female,99,3,2,Manager,2,Married,4699,19653,2,Y,No,14,3,2,80,2,13,1,3,13,12,3,4
37,No,Travel_Rarely,854,Sales,3,2,Other,1,1325,3,Female,49,3,5,Sales Representative,2,Married,15097,11859,3,Y,No,15,3,1,80,0,16,2,3,1,0,0,0
50,Yes,Travel_Rarely,215,Research & Development,10,1,Life Sciences,1,1326,3,Male,31,3,4,Laboratory Technician,1,Single,12137,19227,3,Y,Yes,16,3,3,80,0,27,3,3,13,10,2,9
30,No,Travel_Rarely,990,Sales,1,2,Marketing,1,1327,1,Male,69,3,3,Sales Executive,4,Married,7537,2775,2,Y,No,13,3,2,80,0,9,5,4,0,0,0,0
48,No,Non-Travel,1070,Research & Development,6,3,Medical,1,1328,3,Male,46,3,3,Research Scientist,2,Single,9027,3045,5,Y,No,16,3,1,80,0,25,3,4,5,4,1,1
50,No,Travel_Rarely,417,Research & Development,2,2,Other,1,1329,4,Male,44,4,3,Laboratory Technician,4,Married,11645,8963,3,Y,No,11,3,2,80,3,27,1,3,7,3,4,5
25,No,Travel_Rarely,172,Sales,16,4,Life Sciences,1,1330,3,Male,45,1,2,Manager,3,Married,5732,2811,0,Y,No,12,3,3,80,0,2,2,3,2,0,0,0
48,No,Travel_Frequently,881,Research & Development,1,3,Technical Degree,1,1331,2,Male,40,3,3,Manager,3,Single,10581,20863,4,Y,No,13,3,4,80,1,28,2,3,1,0,0,0
28,No,Travel_Rarely,328,Research & Development,19,3,Technical Degree,1,1332,2,Male,85,3,2,Manager,4,Married,5513,3833,5,Y,No,18,3,4,80,2,8,5,3,8,3,1,5
48,No,Non-Travel,561,Research & Development,5,4,Technical Degree,1,1333,3,Female,99,3,2,Research Director,2,Divorced,6456,24264,2,Y,No,12,3,1,80,0,26,6,2,4,3,1,1
37,No,Non-Travel,507,Sales,6,3,Life Sciences,1,1334,1,Male,90,3,3,Sales Representative,4,Married,9058,8767,2,Y,No,11,3,4,80,1,16,1,3,14,12,6,7
30,Yes,Non-Travel,1381,Research & Development,1,3,Life Sciences,1,1335,1,Female,61,2,5,Laboratory Technician,3,Single,12726,23687,4,Y,No,11,3,4,80,1,8,3,3,0,0,0,0
48,No,Travel_Rarely,1135,Sales,8,3,Life Sciences,1,1336,2,Female,69,3,5,Sales Representative,3,Divorced,15234,5454,4,Y,No,11,3,4,80,1,26,2,2,5,4,1,4
47,No,Travel_Rarely,145,Research & Development,1,3,Life Sciences,1,1337,1,Female,75,3,4,Research Scientist,3,Single,11117,2291,2,Y,No,16,3,2,80,3,24,0,3,2,0,0,1
28,Yes,Travel_Frequently,105,Research & Development,8,2,Technical Degree,1,1338,4,Male,99,1,1,Laboratory Technician,4,Married,3999,12537,3,Y,No,14,3,3,80,1,5,2,3,2,0,0,0
44,No,Travel_Rarely,595,Research & Development,5,3,Medical,1,1339,4,Female,79,4,5,Healthcare Representative,4,Married,14625,20329,4,Y,No,19,3,4,80,1,23,0,3,8,7,1,5
20,No,Travel_Rarely,542,Research & Development,22,2,Medical,1,1340,3,Male,55,3,2,Manager,3,Single,4479,5950,2,Y,Yes,14,3,3,80,0,0,2,3,0,0,0,0
18,No,Travel_Rarely,409,Research & Development,9,2,Medical,1,1341,4,Male,98,3,5,Research Scientist,2,Divorced,12705,26428,3,Y,No,22,3,3,80,1,0,2,2,1,0,0,0
48,No,Travel_Rarely,388,Human Resources,2,3,Other,1,1342,1,Male,54,2,3,Manager,3,Married,8810,18323,2,Y,No,16,3,4,80,0,27,1,3,4,3,1,1
37,No,Travel_Rarely,946,Research & Development,5,3,Life Sciences,1,1343,4,Male,74,2,5,Manager,3,Single,13243,26533,2,Y,No,19,4,3,80,1,17,1,1,2,1,1,1
35,No,Travel_Frequently,903,Research & Development,2,4,Medical,1,1344,2,Male,68,2,3,Manufacturing Director,4,Married,7635,17780,3,Y,No,13,3,2,80,0,14,1,3,14,8,3,12
49,No,Travel_Rarely,319,Sales,6,3,Medical,1,1345,3,Female,94,3,2,Sales Representative,1,Divorced,8264,26372,1,Y,Yes,21,3,3,80,0,29,4,3,3,2,1,2
26,No,Travel_Rarely,144,Research & Development,6,4,Life Sciences,1,1346,2,Female,77,3,3,Laboratory Technician,1,Married,9346,24917,1,Y,Yes,17,3,1,80,3,3,6,3,3,1,1,2
36,No,Travel_Rarely,456,Research & Development,13,2,Life Sciences,1,1347,3,Female,83,2,3,Manufacturing Director,4,Single,10385,19293,5,Y,No,11,3,3,80,0,13,3,4,3,2,0,0
23,No,Travel_Rarely,196,Sales,29,4,Life Sciences,1,1348,3,Male,33,3,2,Sales Representative,1,Married,6566,2698,2,Y,No,16,3,1,80,1,0,0,2,1,0,0,0
25,No,Travel_Rarely,773,Research & Development,1,3,Other,1,1349,4,Male,64,3,4,Laboratory Technician,2,Married,9689,10590,2,Y,No,16,3,3,80,2,3,1,4,0,0,0,0
27,No,Travel_Rarely,794,Sales,28,3,Life Sciences,1,1350,2,Male,38,2,3,Sales Executive,3,Divorced,8313,24773,5,Y,Yes,16,3,4,80,1,7,1,3,2,0,0,0
30,No,Travel_Frequently,1406,Sales,2,4,Other,1,1351,2,Male,80,2,3,Sales Executive,1,Single,8382,23714,1,Y,Yes,11,3,1,80,1,10,1,3,10,5,3,8
44,No,Travel_Rarely,266,Research & Development,7,3,Other,1,1352,3,Male,81,2,5,Manufacturing Director,3,Married,13863,22079,3,Y,No,17,3,4,80,0,22,1,4,0,0,0,0
50,No,Travel_Rarely,568,Sales,2,2,Other,1,1353,4,Male,61,3,2,Sales Executive,3,Single,7255,16130,5,Y,No,19,3,4,80,0,30,2,2,4,1,1,2
29,No,Travel_Rarely,1146,Sales,1,2,Marketing,1,1354,2,Female,45,2,3,Sales Executive,3,Single,8019,4631,3,Y,Yes,12,3,4,80,0,9,2,3,2,1,0,1
41,No,Non-Travel,911,Sales,6,4,Life Sciences,1,1355,1,Male,86,4,3,Sales Representative,4,Married,9512,12891,0,Y,No,13,3,4,80,1,18,0,3,12,7,0,4
30,No,Travel_Rarely,1155,Research & Development,14,3,Technical Degree,1,1356,2,Female,89,2,3,Laboratory Technician,4,Single,6643,23095,1,Y,No,14,3,1,80,0,9,3,3,5,2,2,2
26,No,Travel_Rarely,930,Research & Development,16,2,Technical Degree,1,1357,2,Male,74,1,2,Research Director,3,Single,4948,18977,2,Y,Yes,15,3,4,80,0,4,2,3,1,0,0,0
54,No,Travel_Frequently,813,Research & Development,29,2,Technical Degree,1,1358,4,Female,50,3,3,Research Scientist,3,Divorced,10510,11212,2,Y,No,13,3,1,80,0,32,2,2,4,3,0,3
35,Yes,Travel_Rarely,721,Research & Development,1,2,Technical Degree,1,1359,3,Female,62,1,1,Manufacturing Director,3,Single,5298,26951,4,Y,No,13,3,1,80,0,13,2,3,5,3,1,3
40,No,Travel_Rarely,615,Sales,17,3,Marketing,1,1360,4,Female,38,1,2,Manager,3,Married,7879,3820,3,Y,No,11,4,2,80,2,17,4,3,8,7,4,4
34,No,Travel_Rarely,1348,Human Resources,10,3,Life Sciences,1,1361,1,Male,67,3,5,Manager,3,Single,11973,26477,7,Y,No,12,3,4,80,0,13,1,3,5,4,0,4
38,No,Travel_Rarely,975,Sales,1,4,Medical,1,1362,4,Female,45,3,5,Sales Representative,3,Single,14122,2624,1,Y,No,11,3,4,80,1,17,3,4,6,4,0,4
30,No,Travel_Rarely,855,Research & Development,10,4,Other,1,1363,2,Female,69,2,3,Laboratory Technician,2,Married,7110,6581,3,Y,No,15,4,1,80,0,8,6,3,0,0,0,0
23,No,Travel_Frequently,158,Sales,9,3,Marketing,1,1364,3,Male,31,3,4,Sales Representative,2,Married,10560,13935,1,Y,No,11,3,2,80,0,1,5,3,1,0,0,0
24,No,Travel_Frequently,319,Research & Development,2,3,Life Sciences,1,1365,3,Female,63,3,4,Research Director,2,Married,10721,2942,7,Y,Yes,14,4,1,80,2,3,1,3,3,2,0,1
47,No,Travel_Rarely,442,Research & Development,1,3,Medical,1,1366,3,Male,59,3,5,Healthcare Representative,4,Married,14443,2753,3,Y,No,11,4,4,80,3,24,3,2,6,4,1,5
34,Yes,Travel_Rarely,1047,Research & Development,29,3,Life Sciences,1,1367,1,Female,70,2,4,Manufacturing Director,1,Married,12362,23439,7,Y,Yes,18,3,2,80,0,13,1,2,0,0,0,0
36,No,Travel_Rarely,1452,Research & Development,3,2,Other,1,1368,1,Female,34,3,3,Manager,2,Married,7207,18106,3,Y,No,11,3,2,80,1,13,1,3,1,0,0,0
32,Yes,Travel_Rarely,1362,Research & Development,4,3,Other,1,1369,1,Male,42,3,4,Laboratory Technician,4,Married,10909,5224,1,Y,Yes,16,4,2,80,0,9,0,1,0,0,0,0
34,No,Travel_Rarely,611,Research & Development,3,2,Medical,1,1370,4,Male,34,4,3,Research Scientist,3,Divorced,9188,25135,3,Y,Yes,13,3,4,80,0,14,3,3,9,6,5,3
35,No,Travel_Rarely,711,Research & Development,1,4,Medical,1,1371,2,Male,82,2,4,Healthcare Representative,3,Married,12581,15253,1,Y,Yes,11,3,1,80,1,14,2,2,2,1,0,1
31,No,Travel_Rarely,1372,Research & Development,13,4,Medical,1,1372,4,Female,36,3,5,Manufacturing Director,3,Divorced,12881,12964,2,Y,No,19,3,1,80,1,9,5,2,1,0,0,0
34,Yes,Travel_Rarely,544,Research & Development,6,1,Medical,1,1373,4,Female,65,4,2,Manufacturing Director,4,Married,6508,19183,3,Y,No,11,4,1,80,0,13,4,3,1,0,0,0
49,Yes,Travel_Frequently,1487,Research & Development,3,3,Technical Degree,1,1374,4,Male,94,2,3,Research Director,3,Single,11094,4708,4,Y,Yes,17,3,4,80,2,29,5,2,2,1,0,0
44,No,Travel_Rarely,322,Sales,5,2,Marketing,1,1375,1,Male,94,3,4,Sales Executive,4,Single,11813,21900,2,Y,No,13,3,3,80,0,23,1,3,2,0,1,1
21,No,Travel_Rarely,1301,Research & Development,16,1,Medical,1,1376,4,Female,85,3,4,Research Director,3,Single,9902,25969,1,Y,No,15,3,3,80,2,0,3,4,1,0,0,0
37,No,Travel_Rarely,395,Sales,3,4,Medical,1,1377,4,Female,62,3,5,Sales Representative,1,Single,14215,10303,3,Y,Yes,11,3,4,80,1,14,1,4,0,0,0,0
41,Yes,Travel_Frequently,1171,Research & Development,1,1,Other,1,1378,3,Male,83,2,2,Manufacturing Director,1,Single,4643,2198,5,Y,No,12,3,3,80,0,20,2,3,0,0,0,0
39,No,Travel_Rarely,493,Research & Development,11,4,Medical,1,1379,4,Male,61,3,2,Research Director,1,Married,7698,2284,1,Y,No,19,3,4,80,1,18,2,2,5,4,0,3
40,No,Travel_Rarely,570,Research & Development,6,2,Technical Degree,1,1380,2,Female,36,2,2,Laboratory Technician,4,Single,8959,21335,1,Y,No,17,3,3,80,1,18,3,3,0,0,0,0
27,No,Travel_Rarely,945,Research & Development,3,4,Life Sciences,1,1381,2,Male,31,3,3,Healthcare Representative,3,Single,8809,26696,3,Y,Yes,16,3,3,80,0,7,0,1,2,1,0,0
37,Yes,Travel_Frequently,673,Research & Development,4,1,Technical Degree,1,1382,3,Male,43,1,2,Research Scientist,2,Single,5478,18564,1,Y,No,18,3,4,80,1,17,6,3,17,7,0,15
34,Yes,Travel_Frequently,357,Research & Development,15,2,Life Sciences,1,1383,1,Male,79,3,4,Research Director,3,Married,10630,23740,4,Y,No,18,3,3,80,0,11,2,3,11,5,0,8
48,No,Non-Travel,1203,Human Resources,8,1,Life Sciences,1,1384,2,Female,99,3,3,Manager,3,Married,9811,6874,3,Y,No,11,3,3,80,3,26,4,3,3,2,1,2
41,No,Travel_Rarely,1440,Research & Development,12,4,Technical Degree,1,1385,3,Male,88,3,3,Healthcare Representative,3,Married,7962,5890,3,Y,No,14,3,4,80,1,18,0,2,2,1,1,1
23,No,Travel_Rarely,1010,Sales,1,3,Medical,1,1386,3,Female,47,4,4,Sales Executive,2,Married,9827,6172,2,Y,Yes,13,3,1,80,2,0,5,3,0,0,0,0
42,No,Travel_Frequently,856,Sales,17,4,Medical,1,1387,1,Female,36,2,5,Sales Representative,3,Married,14422,7651,1,Y,No,12,3,1,80,1,22,4,3,3,2,1,2
38,No,Travel_Rarely,1351,Sales,15,2,Medical,1,1388,1,Male,64,3,5,Sales Executive,4,Married,14916,20333,0,Y,No,19,4,3,80,0,16,0,3,1,0,0,0
32,No,Travel_Rarely,1111,Sales,1,4,Medical,1,1389,2,Female,97,3,5,Sales Representative,4,Divorced,12837,24263,3,Y,No,13,4,3,80,1,9,3,3,0,0,0,0
27,No,Travel_Rarely,634,Sales,1,3,Life Sciences,1,1390,4,Female,34,3,3,Sales Executive,3,Married,9719,16713,2,Y,No,19,3,3,80,0,7,2,3,7,6,0,6
41,No,Non-Travel,394,Sales,1,1,Medical,1,1391,3,Male,56,3,4,Sales Representative,3,Married,12573,11566,2,Y,No,19,3,3,80,0,21,6,3,0,0,0,0
44,Yes,Travel_Rarely,1241,Research & Development,18,3,Technical Degree,1,1392,4,Female,98,2,3,Research Director,1,Divorced,9208,7500,4,Y,Yes,25,4,1,80,1,23,4,4,10,3,0,3
60,No,Travel_Rarely,438,Research & Development,3,2,Life Sciences,1,1393,3,Male,94,3,4,Manufacturing Director,1,Divorced,13762,3593,1,Y,No,16,3,1,80,1,37,2,3,6,5,2,2
29,Yes,Travel_Rarely,155,Research & Development,8,4,Life Sciences,1,1394,1,Male,65,3,2,Healthcare Representative,2,Divorced,7478,7778,0,Y,Yes,16,3,1,80,3,8,3,3,5,2,0,2
41,No,Non-Travel,190,Research & Development,20,2,Other,1,1395,2,Male,61,3,1,Research Scientist,3,Single,6118,25183,2,Y,No,21,4,1,80,0,21,3,1,5,4,1,2
32,No,Non-Travel,1036,Sales,1,5,Other,1,1396,2,Male,78,3,4,Manager,1,Divorced,11864,2534,4,Y,Yes,16,3,3,80,0,9,5,3,0,0,0,0
36,No,Travel_Frequently,295,Sales,3,3,Medical,1,1397,2,Male,41,2,2,Sales Executive,1,Married,9581,25575,9,Y,No,11,3,1,80,0,16,3,2,5,3,0,2
31,No,Travel_Rarely,609,Research & Development,29,4,Other,1,1398,3,Female,66,2,3,Healthcare Representative,1,Single,8334,3467,3,Y,Yes,16,4,2,80,0,10,2,2,2,0,1,1
32,No,Travel_Rarely,791,Research & Development,1,3,Technical Degree,1,1399,4,Female,45,3,4,Manufacturing Director,1,Married,9632,3681,2,Y,Yes,20,3,2,80,0,12,4,3,0,0,0,0
29,No,Travel_Rarely,260,Research & Development,7,3,Technical Degree,1,1400,4,Female,49,3,3,Laboratory Technician,1,Divorced,8390,16890,3,Y,Yes,12,3,4,80,1,8,3,3,3,2,0,1
26,No,Travel_Rarely,812,Research & Development,4,2,Other,1,1401,4,Female,76,3,2,Laboratory Technician,4,Divorced,6166,20046,5,Y,No,19,3,3,80,0,6,5,4,3,1,1,2
29,No,Travel_Rarely,1165,Sales,3,2,Other,1,1402,1,Female,72,3,2,Sales Executive,4,Married,7581,17141,1,Y,Yes,17,3,3,80,2,9,6,3,3,1,1,0
30,No,Travel_Rarely,1015,Research & Development,13,3,Other,1,1403,4,Male,59,3,2,Healthcare Representative,2,Married,6200,8334,2,Y,No,18,3,2,80,0,9,2,2,4,1,2,3
32,No,Travel_Frequently,324,Sales,4,5,Life Sciences,1,1404,4,Female,54,3,4,Sales Representative,4,Divorced,12077,4888,4,Y,No,20,3,1,80,0,9,3,2,4,1,1,2
38,No,Travel_Rarely,1169,Research & Development,4,2,Medical,1,1405,2,Female,63,3,3,Manufacturing Director,3,Single,9079,10057,2,Y,No,15,3,3,80,2,17,1,3,5,2,1,4
31,Yes,Travel_Rarely,1167,Research & Development,12,2,Life Sciences,1,1406,4,Male,47,3,5,Manager,3,Married,14522,9876,2,Y,No,12,3,2,80,1,11,6,4,1,0,0,0
36,Yes,Travel_Frequently,306,Sales,3,4,Life Sciences,1,1407,3,Female,58,3,2,Sales Executive,4,Divorced,6321,13366,2,Y,No,15,3,1,80,2,16,4,2,0,0,0,0
28,No,Travel_Rarely,452,Sales,29,4,Life Sciences,1,1408,1,Male,30,3,2,Sales Representative,3,Single,5674,17558,4,Y,No,11,3,1,80,1,7,1,2,2,1,0,1
55,No,Travel_Frequently,569,Research & Development,3,4,Other,1,1409,1,Female,58,1,4,Manager,3,Single,13735,16369,4,Y,No,11,3,1,80,0,34,2,3,9,8,0,3
44,No,Travel_Rarely,873,Research & Development,4,3,Other,1,1410,4,Female,88,2,3,Research Director,4,Single,10750,7609,5,Y,No,11,4,3,80,2,21,6,3,5,2,2,3
31,No,Non-Travel,1378,Sales,15,1,Marketing,1,1411,3,Female,31,3,2,Sales Executive,1,Single,5510,12772,1,Y,No,25,3,3,80,2,11,3,2,1,0,0,0
34,No,Travel_Rarely,1255,Research & Development,6,3,Life Sciences,1,1412,1,Female,52,1,5,Laboratory Technician,2,Divorced,14946,16228,6,Y,No,17,3,1,80,1,11,3,1,2,0,1,1
46,Yes,Non-Travel,375,Research & Development,11,2,Other,1,1413,2,Male,35,4,1,Manufacturing Director,3,Married,7214,23073,3,Y,Yes,11,3,3,80,1,26,4,3,0,0,0,0
34,Yes,Travel_Frequently,570,Research & Development,17,3,Life Sciences,1,1414,3,Male,82,3,3,Research Scientist,1,Single,9417,22787,7,Y,Yes,14,4,1,80,1,12,3,2,7,3,1,4
28,Yes,Travel_Rarely,477,Research & Development,7,3,Life Sciences,1,1415,2,Male,48,3,3,Manager,3,Single,8726,12882,5,Y,Yes,14,3,2,80,0,8,5,3,8,6,1,7
40,No,Travel_Frequently,257,Research & Development,10,3,Technical Degree,1,1416,3,Female,50,3,3,Research Scientist,3,Married,9243,24018,3,Y,No,18,3,3,80,0,18,5,3,2,0,1,1
44,No,Travel_Frequently,116,Sales,6,3,Life Sciences,1,1417,4,Male,83,3,3,Sales Representative,4,Single,9000,24024,1,Y,Yes,13,3,3,80,1,22,5,3,0,0,0,0
30,No,Non-Travel,257,Research & Development,7,3,Medical,1,1418,4,Male,86,2,2,Laboratory Technician,3,Divorced,6497,6902,2,Y,No,13,3,4,80,0,8,4,3,6,3,1,4
38,No,Travel_Rarely,966,Research & Development,1,3,Life Sciences,1,1419,1,Male,79,3,2,Laboratory Technician,3,Married,8949,6647,3,Y,No,13,3,4,80,0,18,2,2,2,1,1,1
32,No,Travel_Rarely,396,Sales,29,4,Life Sciences,1,1420,4,Female,75,3,5,Manager,2,Divorced,12779,23715,1,Y,No,16,3,4,80,0,11,4,3,11,9,5,7
33,Yes,Travel_Rarely,482,Sales,2,4,Medical,1,1421,3,Female,76,2,3,Sales Executive,3,Single,8687,12316,4,Y,Yes,16,3,2,80,1,13,1,3,2,0,1,0
25,No,Travel_Rarely,465,Research & Development,29,2,Other,1,1422,3,Male,89,3,4,Laboratory Technician,3,Divorced,10405,8721,3,Y,Yes,19,3,4,80,0,5,3,4,5,2,1,4
33,Yes,Travel_Rarely,504,Sales,5,4,Life Sciences,1,1423,1,Male,91,3,2,Manager,2,Married,5556,15309,3,Y,Yes,15,3,2,80,1,13,5,3,10,7,5,6
39,Yes,Non-Travel,956,Sales,1,1,Other,1,1424,3,Male,56,3,3,Sales Executive,3,Married,9279,17564,2,Y,No,11,3,3,80,0,18,4,3,0,0,0,0
30,No,Travel_Rarely,1135,Sales,1,3,Life Sciences,1,1425,3,Male,32,1,2,Sales Representative,4,Divorced,6496,5480,3,Y,Yes,15,4,1,80,0,7,2,2,2,1,0,1
28,No,Travel_Frequently,627,Research & Development,5,4,Life Sciences,1,1426,2,Male,44,3,4,Manufacturing Director,1,Divorced,11049,15138,3,Y,Yes,13,3,2,80,2,7,4,3,6,4,1,5
37,No,Non-Travel,379,Sales,1,3,Marketing,1,1427,2,Male,46,3,2,Manager,3,Married,6539,21651,4,Y,No,11,4,3,80,0,17,2,2,2,1,0,0
28,No,Travel_Rarely,790,Research & Development,2,3,Other,1,1428,2,Female,32,4,2,Research Scientist,2,Married,6998,8188,3,Y,No,15,3,4,80,1,7,4,3,2,1,0,0
35,No,Travel_Rarely,1385,Research & Development,1,3,Medical,1,1429,2,Female,70,2,3,Research Scientist,1,Married,10429,14009,2,Y,No,19,4,3,80,1,15,2,2,6,2,0,4
41,Yes,Travel_Frequently,1286,Research & Development,1,3,Other,1,1430,2,Female,67,3,3,Research Director,4,Single,8917,9708,2,Y,No,13,3,4,80,1,21,4,2,1,0,0,0
49,No,Travel_Rarely,1082,Research & Development,6,4,Medical,1,1431,3,Male,83,3,3,Manager,4,Married,9550,9186,1,Y,No,15,3,1,80,0,26,1,3,0,0,0,0
31,No,Travel_Rarely,301,Research & Development,1,3,Other,1,1432,4,Male,91,2,3,Healthcare Representative,3,Married,8384,14028,4,Y,No,11,3,4,80,1,10,3,1,10,4,2,7
32,No,Travel_Frequently,213,Sales,8,3,Other,1,1433,2,Male,76,3,1,Sales Representative,3,Single,4341,4011,0,Y,Yes,15,3,1,80,2,12,3,3,2,0,1,0
30,No,Travel_Rarely,1202,Sales,6,3,Medical,1,1434,3,Male,90,3,3,Manager,2,Married,8352,20044,5,Y,No,17,3,2,80,0,8,3,2,8,3,0,4
42,Yes,Travel_Rarely,1357,Research & Development,1,5,Medical,1,1435,4,Male,46,3,4,Manager,2,Divorced,9866,16096,2,Y,No,11,3,3,80,1,19,3,3,0,0,0,0
45,No,Travel_Frequently,293,Sales,4,3,Other,1,1436,3,Male,79,3,3,Manager,3,Married,9128,13571,6,Y,No,11,3,2,80,0,23,0,1,14,5,0,11
58,No,Travel_Rarely,153,Research & Development,3,3,Life Sciences,1,1437,3,Female,77,2,5,Healthcare Representative,1,Divorced,16883,25447,4,Y,No,11,3,2,80,0,35,4,1,0,0,0,0
22,No,Non-Travel,800,Human Resources,23,3,Human Resources,1,1438,1,Male,85,3,5,Manager,3,Divorced,12136,5379,5,Y,Yes,11,4,2,80,0,2,5,3,2,1,0,0
52,No,Travel_Rarely,1206,Sales,14,3,Marketing,1,1439,1,Female,94,3,3,Sales Representative,1,Single,10169,4773,3,Y,No,11,3,4,80,0,32,1,3,11,6,0,4
33,No,Non-Travel,1266,Sales,2,3,Other,1,1440,3,Male,43,3,3,Sales Representative,4,Single,9496,3091,1,Y,No,19,3,1,80,0,13,0,2,2,1,0,0
27,No,Travel_Frequently,199,Research & Development,1,1,Medical,1,1441,2,Male,68,1,3,Manager,4,Single,9140,26980,2,Y,No,13,4,2,80,1,5,2,3,2,1,0,0
41,Yes,Non-Travel,778,Research & Development,8,2,Technical Degree,1,1442,2,Male,62,2,3,Manager,4,Single,9688,22238,1,Y,No,19,3,1,80,0,21,5,3,1,0,0,0
31,No,Travel_Rarely,1471,Research & Development,4,3,Medical,1,1443,4,Male,41,3,2,Laboratory Technician,3,Single,7040,3328,3,Y,No,14,3,1,80,1,9,1,3,1,0,0,0
26,No,Travel_Frequently,1310,Research & Development,1,3,Technical Degree,1,1444,3,Male,60,3,4,Research Director,4,Divorced,10720,20088,3,Y,Yes,11,3,3,80,0,3,4,3,1,0,0,0
35,No,Travel_Rarely,1451,Sales,29,2,Life Sciences,1,1445,1,Female,66,3,1,Sales Executive,3,Married,4863,21565,3,Y,No,20,3,3,80,2,12,0,3,1,0,0,0
33,No,Travel_Frequently,1393,Sales,1,2,Life Sciences,1,1446,4,Male,83,2,3,Sales Executive,1,Married,8902,12416,3,Y,No,18,3,2,80,0,13,2,3,13,8,6,4
28,No,Travel_Rarely,221,Research & Development,4,4,Technical Degree,1,1447,2,Male,84,1,3,Research Scientist,4,Married,8783,11379,6,Y,Yes,19,3,4,80,0,5,4,3,5,4,0,4
42,No,Travel_Frequently,1282,Research & Development,21,3,Other,1,1448,2,Male,55,1,2,Manager,4,Divorced,7196,9141,4,Y,No,21,3,1,80,0,21,2,3,7,4,3,4
34,No,Non-Travel,612,Research & Development,20,4,Other,1,1449,4,Male,77,3,4,Research Scientist,1,Married,12117,2794,2,Y,No,22,3,4,80,0,14,3,2,7,6,0,4
22,No,Travel_Rarely,507,Research & Development,12,2,Technical Degree,1,1450,1,Male,56,3,4,Healthcare Representative,4,Single,9348,6645,3,Y,Yes,14,3,4,80,0,0,1,3,0,0,0,0
31,No,Travel_Rarely,777,Research & Development,24,4,Life Sciences,1,1451,4,Male,94,4,3,Healthcare Representative,4,Married,9477,22840,1,Y,Yes,11,3,2,80,2,10,2,3,5,4,1,4
52,No,Travel_Rarely,625,Research & Development,1,3,Technical Degree,1,1452,3,Male,57,3,2,Healthcare Representative,1,Single,8749,24896,4,Y,No,16,3,2,80,1,32,3,2,7,6,1,5
18,No,Non-Travel,1130,Research & Development,13,3,Other,1,1453,3,Male,60,3,3,Research Director,4,Divorced,9363,14588,1,Y,No,11,3,2,80,0,0,4,3,1,0,0,0
23,No,Travel_Rarely,513,Research & Development,11,4,Technical Degree,1,1454,4,Female,66,3,3,Research Scientist,4,Married,8173,18870,3,Y,No,15,3,4,80,2,1,1,3,1,0,0,0
39,No,Travel_Frequently,428,Research & Development,6,3,Technical Degree,1,1455,4,Female,79,1,1,Manufacturing Director,3,Single,4736,15707,2,Y,No,17,3,2,80,2,18,3,2,3,1,1,2
42,No,Travel_Frequently,193,Research & Development,8,1,Medical,1,1456,1,Male,81,2,4,Laboratory Technician,1,Single,12315,7863,1,Y,No,11,3,4,80,2,19,1,3,2,1,0,1
31,No,Non-Travel,535,Research & Development,15,3,Life Sciences,1,1457,2,Male,61,3,3,Laboratory Technician,2,Married,9385,9201,1,Y,No,16,3,3,80,0,8,5,4,6,3,3,4
43,No,Travel_Rarely,1051,Research & Development,3,4,Life Sciences,1,1458,4,Male,96,3,3,Research Scientist,3,Married,8249,11851,1,Y,No,19,4,2,80,2,21,4,3,0,0,0,0
59,No,Travel_Rarely,713,Research & Development,4,2,Medical,1,1459,4,Female,87,1,2,Manufacturing Director,3,Married,10168,3339,0,Y,Yes,19,3,2,80,0,37,2,3,9,5,4,7
33,No,Travel_Rarely,1400,Research & Development,9,1,Technical Degree,1,1460,4,Male,57,1,5,Laboratory Technician,1,Single,12770,16249,2,Y,Yes,16,3,3,80,0,13,3,2,7,5,0,6
37,No,Travel_Rarely,1060,Sales,9,4,Marketing,1,1461,2,Female,46,2,2,Sales Representative,2,Married,8199,8571,3,Y,No,12,3,3,80,0,16,6,3,1,0,0,0
52,No,Travel_Rarely,785,Sales,4,4,Medical,1,1462,3,Female,58,3,5,Sales Representative,4,Married,15090,18311,1,Y,No,12,3,1,80,0,32,3,3,7,2,2,6
48,No,Travel_Rarely,337,Research & Development,4,4,Technical Degree,1,1463,3,Male,52,3,4,Manufacturing Director,4,Single,12409,14995,2,Y,No,19,3,2,80,1,26,3,3,8,7,2,3
49,No,Travel_Frequently,614,Sales,4,3,Life Sciences,1,1464,4,Male,61,2,3,Sales Executive,2,Married,11710,20622,1,Y,No,16,3,4,80,0,29,3,3,3,1,1,2
40,No,Travel_Frequently,1298,Sales,1,3,Other,1,1465,3,Male,31,3,3,Manager,3,Single,9322,14255,0,Y,No,15,3,4,80,1,20,3,3,5,4,1,3
44,No,Non-Travel,301,Sales,3,2,Other,1,1466,1,Male,32,4,5,Manager,4,Married,14645,17146,1,Y,Yes,11,3,3,80,1,24,3,4,4,2,1,2
31,No,Travel_Rarely,471,Research & Development,4,2,Life Sciences,1,1467,3,Female,69,2,3,Research Director,1,Divorced,8875,6027,0,Y,Yes,11,3,3,80,0,10,5,2,10,4,0,3
43,Yes,Travel_Frequently,860,Research & Development,8,3,Technical Degree,1,1468,2,Female,72,3,3,Research Scientist,3,Single,8557,7351,2,Y,No,13,4,3,80,0,22,2,3,5,3,1,4
38,No,Travel_Frequently,1442,Research & Development,4,3,Medical,1,1469,3,Male,66,3,5,Manufacturing Director,4,Married,12542,13099,4,Y,No,11,3,1,80,3,16,0,1,5,3,1,2
23,Yes,Travel_Rarely,995,Research & Development,1,3,Medical,1,1470,2,Female,57,3,5,Laboratory Technician,4,Divorced,13168,4785,2,Y,No,11,3,3,80,2,0,2,3,1,0,0,0
